Index,Entry-Date,Entry-Weekday,Entry-Time,Entry-Price,Quantity,Instrument-Kind,StrikePrice,Position,ExitDate,Exit-Weekday,ExitTime,ExitPrice,P/L,P/L-Percentage,ExpiryDate,Highest MTM(Candle Close),Lowest MTM(Candle Close),Remarks
1,2025-01-01,,13:30:00,3347.01,,,,,2025-01-01,,17:25:00,3340.78,1.03,,,1.03,-0.04899999999999993,Exit Condition Met For Trade
1.1,2025-01-01,Wednesday,13:30:00,7.3,0.1,CE,3360.0,Sell,2025-01-01,Wednesday,17:25:00,0.02,0.7280000000000001,99.72602739726028,2025-01-01,,,Exit Condition Met For Trade
1.2,2025-01-01,Wednesday,13:30:00,3.06,0.1,PE,3320.0,Sell,2025-01-01,Wednesday,17:25:00,0.05,0.30100000000000005,98.36601307189542,2025-01-01,,,Exit Condition Met For Trade
2,2025-01-02,,13:30:00,3420.06,,,,,2025-01-02,,17:25:00,3470.24,-1.54,,,0.2969999999999997,-2.1630000000000003,Exit Condition Met For Trade
2.1,2025-01-02,Thursday,13:30:00,6.82,0.1,CE,3440.0,Sell,2025-01-02,Thursday,17:25:00,29.33,-2.251,-330.05865102639297,2025-01-02,,,Exit Condition Met For Trade
2.2,2025-01-02,Thursday,13:30:00,7.14,0.1,PE,3400.0,Sell,2025-01-02,Thursday,17:25:00,0.01,0.7130000000000001,99.85994397759104,2025-01-02,,,Exit Condition Met For Trade
3,2025-01-03,,13:30:00,3433.13,,,,,2025-01-03,,17:25:00,3467.5,0.32999999999999996,,,1.0390000000000001,0,Exit Condition Met For Trade
3.1,2025-01-03,Friday,13:30:00,6.56,0.1,CE,3450.0,Sell,2025-01-03,Friday,17:25:00,10.45,-0.389,-59.298780487804876,2025-01-03,,,Exit Condition Met For Trade
3.2,2025-01-03,Friday,13:30:00,7.16,0.1,PE,3420.0,Sell,2025-01-03,Friday,17:25:00,0.01,0.7150000000000001,99.86033519553072,2025-01-03,,,Exit Condition Met For Trade
4,2025-01-04,,13:30:00,3594.04,,,,,2025-01-04,,17:25:00,3604.25,0.69,,,0.69,-0.10399999999999998,Exit Condition Met For Trade
4.1,2025-01-04,Saturday,13:30:00,1.98,0.1,CE,3620.0,Sell,2025-01-04,Saturday,17:25:00,0.01,0.197,99.4949494949495,2025-01-04,,,Exit Condition Met For Trade
4.2,2025-01-04,Saturday,13:30:00,4.89,0.1,PE,3580.0,Sell,2025-01-04,Saturday,17:25:00,0.01,0.488,99.79550102249489,2025-01-04,,,Exit Condition Met For Trade
5,2025-01-05,,13:30:00,3631.86,,,,,2025-01-05,,17:25:00,3611.89,-0.13,,,0.3650000000000001,-1.0379999999999998,Exit Condition Met For Trade
5.1,2025-01-05,Sunday,13:30:00,1.29,0.1,CE,3660.0,Sell,2025-01-05,Sunday,17:25:00,0.01,0.128,99.22480620155038,2025-01-05,,,Exit Condition Met For Trade
5.2,2025-01-05,Sunday,13:30:00,4.87,0.1,PE,3620.0,Sell,2025-01-05,Sunday,17:25:00,7.47,-0.25999999999999995,-53.38809034907596,2025-01-05,,,Exit Condition Met For Trade
6,2025-01-06,,13:30:00,3650.68,,,,,2025-01-06,,17:25:00,3653.81,1.5,,,1.5080000000000002,-0.040999999999999925,Exit Condition Met For Trade
6.1,2025-01-06,Monday,13:30:00,4.91,0.1,CE,3680.0,Sell,2025-01-06,Monday,17:25:00,0.01,0.49000000000000005,99.79633401221997,2025-01-06,,,Exit Condition Met For Trade
6.2,2025-01-06,Monday,13:30:00,10.26,0.1,PE,3640.0,Sell,2025-01-06,Monday,17:25:00,0.15,1.011,98.53801169590643,2025-01-06,,,Exit Condition Met For Trade
7,2025-01-07,,13:30:00,3667.77,,,,,2025-01-07,,17:25:00,3636.71,0.9199999999999999,,,0.923,-0.27700000000000014,Exit Condition Met For Trade
7.1,2025-01-07,Tuesday,13:30:00,6.97,0.1,CE,3680.0,Sell,2025-01-07,Tuesday,17:25:00,0.01,0.6960000000000001,99.85652797704448,2025-01-07,,,Exit Condition Met For Trade
7.2,2025-01-07,Tuesday,13:30:00,2.38,0.1,PE,3640.0,Sell,2025-01-07,Tuesday,17:25:00,0.16,0.22199999999999998,93.27731092436974,2025-01-07,,,Exit Condition Met For Trade
8,2025-01-08,,13:30:00,3354.33,,,,,2025-01-08,,17:25:00,3347.87,1.5899999999999999,,,1.6030000000000002,0,Exit Condition Met For Trade
8.1,2025-01-08,Wednesday,13:30:00,6.48,0.1,CE,3380.0,Sell,2025-01-08,Wednesday,17:25:00,0.01,0.6470000000000001,99.84567901234568,2025-01-08,,,Exit Condition Met For Trade
8.2,2025-01-08,Wednesday,13:30:00,10.68,0.1,PE,3340.0,Sell,2025-01-08,Wednesday,17:25:00,1.25,0.9430000000000001,88.29588014981273,2025-01-08,,,Exit Condition Met For Trade
9,2025-01-09,,13:30:00,3289.0,,,,,2025-01-09,,17:25:00,3301.9,0.58,,,0.8450000000000002,-1.8390000000000002,Exit Condition Met For Trade
9.1,2025-01-09,Thursday,13:30:00,8.46,0.1,CE,3300.0,Sell,2025-01-09,Thursday,17:25:00,6.22,0.22400000000000012,26.477541371158402,2025-01-09,,,Exit Condition Met For Trade
9.2,2025-01-09,Thursday,13:30:00,3.56,0.1,PE,3260.0,Sell,2025-01-09,Thursday,17:25:00,0.01,0.35500000000000004,99.71910112359551,2025-01-09,,,Exit Condition Met For Trade
10,2025-01-10,,13:30:00,3295.99,,,,,2025-01-10,,17:25:00,3308.0,1.5899999999999999,,,1.5899999999999999,-0.026999999999999913,Exit Condition Met For Trade
10.1,2025-01-10,Friday,13:30:00,6.93,0.1,CE,3320.0,Sell,2025-01-10,Friday,17:25:00,0.04,0.6890000000000001,99.42279942279943,2025-01-10,,,Exit Condition Met For Trade
10.2,2025-01-10,Friday,13:30:00,9.02,0.1,PE,3280.0,Sell,2025-01-10,Friday,17:25:00,0.06,0.8959999999999999,99.33481152993348,2025-01-10,,,Exit Condition Met For Trade
11,2025-01-11,,13:30:00,3235.79,,,,,2025-01-11,,17:25:00,3275.0,-0.8699999999999999,,,0.3420000000000001,-1.366,Exit Condition Met For Trade
11.1,2025-01-11,Saturday,13:30:00,1.78,0.1,CE,3260.0,Sell,2025-01-11,Saturday,17:25:00,13.53,-1.175,-660.1123595505618,2025-01-11,,,Exit Condition Met For Trade
11.2,2025-01-11,Saturday,13:30:00,3.12,0.1,PE,3220.0,Sell,2025-01-11,Saturday,17:25:00,0.01,0.31100000000000005,99.6794871794872,2025-01-11,,,Exit Condition Met For Trade
12,2025-01-12,,13:30:00,3266.97,,,,,2025-01-12,,17:25:00,3254.28,0.5700000000000001,,,0.5700000000000001,-0.9329999999999999,Exit Condition Met For Trade
12.1,2025-01-12,Sunday,13:30:00,4.27,0.1,CE,3280.0,Sell,2025-01-12,Sunday,17:25:00,0.01,0.426,99.76580796252928,2025-01-12,,,Exit Condition Met For Trade
12.2,2025-01-12,Sunday,13:30:00,1.49,0.1,PE,3240.0,Sell,2025-01-12,Sunday,17:25:00,0.09,0.13999999999999999,93.95973154362416,2025-01-12,,,Exit Condition Met For Trade
13,2025-01-13,,13:30:00,3201.77,,,,,2025-01-13,,17:25:00,3073.07,-8.08,,,0.09799999999999986,-8.192,Exit Condition Met For Trade
13.1,2025-01-13,Monday,13:30:00,8.08,0.1,CE,3220.0,Sell,2025-01-13,Monday,17:25:00,0.01,0.807,99.87623762376238,2025-01-13,,,Exit Condition Met For Trade
13.2,2025-01-13,Monday,13:30:00,6.52,0.1,PE,3180.0,Sell,2025-01-13,Monday,17:25:00,95.37,-8.885000000000002,-1362.7300613496934,2025-01-13,,,Exit Condition Met For Trade
14,2025-01-14,,13:30:00,3171.35,,,,,2025-01-14,,17:25:00,3217.32,-0.39,,,0.485,-4.204000000000001,Exit Condition Met For Trade
14.1,2025-01-14,Tuesday,13:30:00,4.2,0.1,CE,3200.0,Sell,2025-01-14,Tuesday,17:25:00,17.23,-1.3030000000000002,-310.23809523809524,2025-01-14,,,Exit Condition Met For Trade
14.2,2025-01-14,Tuesday,13:30:00,9.06,0.1,PE,3160.0,Sell,2025-01-14,Tuesday,17:25:00,0.01,0.9050000000000001,99.88962472406182,2025-01-14,,,Exit Condition Met For Trade
15,2025-01-15,,13:30:00,3233.11,,,,,2025-01-15,,17:25:00,3198.91,-0.97,,,0.536,-1.762,Exit Condition Met For Trade
15.1,2025-01-15,Wednesday,13:30:00,5.07,0.1,CE,3260.0,Sell,2025-01-15,Wednesday,17:25:00,0.01,0.5060000000000001,99.80276134122289,2025-01-15,,,Exit Condition Met For Trade
15.2,2025-01-15,Wednesday,13:30:00,8.39,0.1,PE,3220.0,Sell,2025-01-15,Wednesday,17:25:00,23.21,-1.4820000000000002,-176.6388557806913,2025-01-15,,,Exit Condition Met For Trade
16,2025-01-16,,13:30:00,3384.21,,,,,2025-01-16,,17:25:00,3354.29,-0.32999999999999996,,,0.1549999999999998,-4.455,Exit Condition Met For Trade
16.1,2025-01-16,Thursday,13:30:00,8.28,0.1,CE,3400.0,Sell,2025-01-16,Thursday,17:25:00,0.01,0.827,99.8792270531401,2025-01-16,,,Exit Condition Met For Trade
16.2,2025-01-16,Thursday,13:30:00,5.55,0.1,PE,3360.0,Sell,2025-01-16,Thursday,17:25:00,17.19,-1.1640000000000001,-209.72972972972974,2025-01-16,,,Exit Condition Met For Trade
17,2025-01-17,,13:30:00,3373.01,,,,,2025-01-17,,17:25:00,3423.02,-1.11,,,0.3029999999999997,-2.233,Exit Condition Met For Trade
17.1,2025-01-17,Friday,13:30:00,6.29,0.1,CE,3400.0,Sell,2025-01-17,Friday,17:25:00,26.87,-2.0580000000000003,-327.1860095389507,2025-01-17,,,Exit Condition Met For Trade
17.2,2025-01-17,Friday,13:30:00,9.52,0.1,PE,3360.0,Sell,2025-01-17,Friday,17:25:00,0.01,0.9510000000000001,99.89495798319328,2025-01-17,,,Exit Condition Met For Trade
18,2025-01-18,,13:30:00,3287.51,,,,,2025-01-18,,17:25:00,3310.34,1.45,,,1.45,-1.2270000000000003,Exit Condition Met For Trade
18.1,2025-01-18,Saturday,13:30:00,9.6,0.1,CE,3300.0,Sell,2025-01-18,Saturday,17:25:00,0.01,0.9590000000000001,99.89583333333334,2025-01-18,,,Exit Condition Met For Trade
18.2,2025-01-18,Saturday,13:30:00,4.89,0.1,PE,3260.0,Sell,2025-01-18,Saturday,17:25:00,0.01,0.488,99.79550102249489,2025-01-18,,,Exit Condition Met For Trade
19,2025-01-19,,13:30:00,3276.07,,,,,2025-01-19,,17:25:00,3139.76,-9.59,,,0.1259999999999999,-9.809000000000001,Exit Condition Met For Trade
19.1,2025-01-19,Sunday,13:30:00,7.67,0.1,CE,3300.0,Sell,2025-01-19,Sunday,17:25:00,0.01,0.766,99.86962190352021,2025-01-19,,,Exit Condition Met For Trade
19.2,2025-01-19,Sunday,13:30:00,6.5,0.1,PE,3260.0,Sell,2025-01-19,Sunday,17:25:00,110.14,-10.364,-1594.4615384615386,2025-01-19,,,Exit Condition Met For Trade
20,2025-01-20,,13:30:00,3382.81,,,,,2025-01-20,,17:25:00,3372.34,3.26,,,3.26,-0.1759999999999997,Exit Condition Met For Trade
20.1,2025-01-20,Monday,13:30:00,18.51,0.1,CE,3400.0,Sell,2025-01-20,Monday,17:25:00,0.47,1.8040000000000003,97.46083198271205,2025-01-20,,,Exit Condition Met For Trade
20.2,2025-01-20,Monday,13:30:00,16.85,0.1,PE,3360.0,Sell,2025-01-20,Monday,17:25:00,2.3,1.455,86.35014836795251,2025-01-20,,,Exit Condition Met For Trade
21,2025-01-21,,13:30:00,3254.92,,,,,2025-01-21,,17:25:00,3308.57,-0.07999999999999985,,,0.9880000000000002,-0.9780000000000002,Exit Condition Met For Trade
21.1,2025-01-21,Tuesday,13:30:00,10.46,0.1,CE,3280.0,Sell,2025-01-21,Tuesday,17:25:00,24.75,-1.429,-136.61567877629062,2025-01-21,,,Exit Condition Met For Trade
21.2,2025-01-21,Tuesday,13:30:00,13.47,0.1,PE,3240.0,Sell,2025-01-21,Tuesday,17:25:00,0.01,1.346,99.92576095025983,2025-01-21,,,Exit Condition Met For Trade
22,2025-01-22,,13:30:00,3287.92,,,,,2025-01-22,,17:25:00,3327.42,-0.12,,,0.761,-0.3460000000000001,Exit Condition Met For Trade
22.1,2025-01-22,Wednesday,13:30:00,9.77,0.1,CE,3300.0,Sell,2025-01-22,Wednesday,17:25:00,15.92,-0.6150000000000001,-62.94779938587513,2025-01-22,,,Exit Condition Met For Trade
22.2,2025-01-22,Wednesday,13:30:00,5.01,0.1,PE,3260.0,Sell,2025-01-22,Wednesday,17:25:00,0.01,0.5,99.8003992015968,2025-01-22,,,Exit Condition Met For Trade
23,2025-01-23,,13:30:00,3233.41,,,,,2025-01-23,,17:25:00,3211.0,0.43,,,0.4839999999999999,-1.685,Exit Condition Met For Trade
23.1,2025-01-23,Thursday,13:30:00,4.69,0.1,CE,3260.0,Sell,2025-01-23,Thursday,17:25:00,0.01,0.4680000000000001,99.78678038379532,2025-01-23,,,Exit Condition Met For Trade
23.2,2025-01-23,Thursday,13:30:00,8.62,0.1,PE,3220.0,Sell,2025-01-23,Thursday,17:25:00,9.06,-0.04400000000000013,-5.104408352668229,2025-01-23,,,Exit Condition Met For Trade
24,2025-01-24,,13:30:00,3380.94,,,,,2025-01-24,,17:25:00,3399.97,1.72,,,1.72,-0.6949999999999998,Exit Condition Met For Trade
24.1,2025-01-24,Friday,13:30:00,9.51,0.1,CE,3400.0,Sell,2025-01-24,Friday,17:25:00,1.22,0.829,87.17139852786539,2025-01-24,,,Exit Condition Met For Trade
24.2,2025-01-24,Friday,13:30:00,8.9,0.1,PE,3360.0,Sell,2025-01-24,Friday,17:25:00,0.01,0.8890000000000001,99.8876404494382,2025-01-24,,,Exit Condition Met For Trade
25,2025-01-25,,13:30:00,3291.67,,,,,2025-01-25,,17:25:00,3311.06,0.6900000000000001,,,0.6910000000000001,-0.33699999999999974,Exit Condition Met For Trade
25.1,2025-01-25,Saturday,13:30:00,1.64,0.1,CE,3320.0,Sell,2025-01-25,Saturday,17:25:00,0.01,0.163,99.39024390243902,2025-01-25,,,Exit Condition Met For Trade
25.2,2025-01-25,Saturday,13:30:00,5.29,0.1,PE,3280.0,Sell,2025-01-25,Saturday,17:25:00,0.01,0.528,99.8109640831758,2025-01-25,,,Exit Condition Met For Trade
26,2025-01-26,,13:30:00,3338.68,,,,,2025-01-26,,17:25:00,3309.65,-0.5900000000000001,,,0.08800000000000002,-2.0420000000000007,Exit Condition Met For Trade
26.1,2025-01-26,Sunday,13:30:00,1.79,0.1,CE,3360.0,Sell,2025-01-26,Sunday,17:25:00,0.01,0.17800000000000002,99.44134078212291,2025-01-26,,,Exit Condition Met For Trade
26.2,2025-01-26,Sunday,13:30:00,2.41,0.1,PE,3320.0,Sell,2025-01-26,Sunday,17:25:00,10.14,-0.7730000000000001,-320.74688796680493,2025-01-26,,,Exit Condition Met For Trade
27,2025-01-27,,13:30:00,3070.6,,,,,2025-01-27,,17:25:00,3063.82,3.17,,,3.17,-0.4680000000000004,Exit Condition Met For Trade
27.1,2025-01-27,Monday,13:30:00,12.76,0.1,CE,3100.0,Sell,2025-01-27,Monday,17:25:00,0.02,1.274,99.84326018808778,2025-01-27,,,Exit Condition Met For Trade
27.2,2025-01-27,Monday,13:30:00,19.08,0.1,PE,3060.0,Sell,2025-01-27,Monday,17:25:00,0.05,1.9029999999999998,99.73794549266248,2025-01-27,,,Exit Condition Met For Trade
28,2025-01-28,,13:30:00,3196.12,,,,,2025-01-28,,17:25:00,3186.14,1.3,,,1.3,-0.21100000000000008,Exit Condition Met For Trade
28.1,2025-01-28,Tuesday,13:30:00,5.57,0.1,CE,3220.0,Sell,2025-01-28,Tuesday,17:25:00,0.01,0.556,99.82046678635547,2025-01-28,,,Exit Condition Met For Trade
28.2,2025-01-28,Tuesday,13:30:00,7.55,0.1,PE,3180.0,Sell,2025-01-28,Tuesday,17:25:00,0.19,0.736,97.48344370860927,2025-01-28,,,Exit Condition Met For Trade
29,2025-01-29,,13:30:00,3156.93,,,,,2025-01-29,,17:25:00,3135.17,1.21,,,1.227,-0.7970000000000002,Exit Condition Met For Trade
29.1,2025-01-29,Wednesday,13:30:00,5.53,0.1,CE,3180.0,Sell,2025-01-29,Wednesday,17:25:00,0.01,0.552,99.81916817359856,2025-01-29,,,Exit Condition Met For Trade
29.2,2025-01-29,Wednesday,13:30:00,8.21,0.1,PE,3140.0,Sell,2025-01-29,Wednesday,17:25:00,1.56,0.665,80.9987819732034,2025-01-29,,,Exit Condition Met For Trade
30,2025-01-30,,13:30:00,3191.02,,,,,2025-01-30,,17:25:00,3225.02,1.1099999999999999,,,1.16,-0.16500000000000004,Exit Condition Met For Trade
30.1,2025-01-30,Thursday,13:30:00,4.24,0.1,CE,3220.0,Sell,2025-01-30,Thursday,17:25:00,2.58,0.16600000000000004,39.15094339622641,2025-01-30,,,Exit Condition Met For Trade
30.2,2025-01-30,Thursday,13:30:00,9.37,0.1,PE,3180.0,Sell,2025-01-30,Thursday,17:25:00,0.01,0.9359999999999999,99.89327641408752,2025-01-30,,,Exit Condition Met For Trade
31,2025-01-31,,13:30:00,3241.62,,,,,2025-01-31,,17:25:00,3327.25,-6.08,,,0.4009999999999998,-6.42,Exit Condition Met For Trade
31.1,2025-01-31,Friday,13:30:00,10.29,0.1,CE,3250.0,Sell,2025-01-31,Friday,17:25:00,76.88,-6.659000000000001,-647.1331389698737,2025-01-31,,,Exit Condition Met For Trade
31.2,2025-01-31,Friday,13:30:00,5.77,0.1,PE,3220.0,Sell,2025-01-31,Friday,17:25:00,0.01,0.576,99.82668977469672,2025-01-31,,,Exit Condition Met For Trade
32,2025-02-01,,13:30:00,3279.98,,,,,2025-02-01,,17:25:00,3248.3,-0.37999999999999995,,,0.17800000000000005,-2.553,Exit Condition Met For Trade
32.1,2025-02-01,Saturday,13:30:00,4.61,0.1,CE,3300.0,Sell,2025-02-01,Saturday,17:25:00,0.01,0.4600000000000001,99.78308026030369,2025-02-01,,,Exit Condition Met For Trade
32.2,2025-02-01,Saturday,13:30:00,4.58,0.1,PE,3260.0,Sell,2025-02-01,Saturday,17:25:00,13.0,-0.8420000000000001,-183.84279475982532,2025-02-01,,,Exit Condition Met For Trade
33,2025-02-02,,13:30:00,3101.34,,,,,2025-02-02,,17:25:00,3064.89,0.30999999999999994,,,1.138,-0.3490000000000002,Exit Condition Met For Trade
33.1,2025-02-02,Sunday,13:30:00,6.98,0.1,CE,3120.0,Sell,2025-02-02,Sunday,17:25:00,0.01,0.6970000000000001,99.8567335243553,2025-02-02,,,Exit Condition Met For Trade
33.2,2025-02-02,Sunday,13:30:00,5.89,0.1,PE,3080.0,Sell,2025-02-02,Sunday,17:25:00,9.74,-0.38500000000000006,-65.36502546689306,2025-02-02,,,Exit Condition Met For Trade
34,2025-02-03,,13:30:00,2622.0,,,,,2025-02-03,,17:25:00,2584.64,4.4399999999999995,,,4.811,-2.6850000000000005,Exit Condition Met For Trade
34.1,2025-02-03,Monday,13:30:00,27.87,0.1,CE,2640.0,Sell,2025-02-03,Monday,17:25:00,0.01,2.786,99.96411912450664,2025-02-03,,,Exit Condition Met For Trade
34.2,2025-02-03,Monday,13:30:00,26.81,0.1,PE,2600.0,Sell,2025-02-03,Monday,17:25:00,10.31,1.6500000000000001,61.544199925400974,2025-02-03,,,Exit Condition Met For Trade
35,2025-02-04,,13:30:00,2703.67,,,,,2025-02-04,,17:25:00,2764.51,-2.85,,,1.1680000000000001,-4.547000000000001,Exit Condition Met For Trade
35.1,2025-02-04,Tuesday,13:30:00,12.75,0.1,CE,2720.0,Sell,2025-02-04,Tuesday,17:25:00,50.68,-3.793,-297.4901960784314,2025-02-04,,,Exit Condition Met For Trade
35.2,2025-02-04,Tuesday,13:30:00,9.42,0.1,PE,2680.0,Sell,2025-02-04,Tuesday,17:25:00,0.01,0.9410000000000001,99.89384288747347,2025-02-04,,,Exit Condition Met For Trade
36,2025-02-05,,13:30:00,2759.27,,,,,2025-02-05,,17:25:00,2801.09,0.010000000000000009,,,0.9869999999999999,-2.0100000000000002,Exit Condition Met For Trade
36.1,2025-02-05,Wednesday,13:30:00,7.76,0.1,CE,2780.0,Sell,2025-02-05,Wednesday,17:25:00,15.78,-0.802,-103.35051546391753,2025-02-05,,,Exit Condition Met For Trade
36.2,2025-02-05,Wednesday,13:30:00,8.09,0.1,PE,2740.0,Sell,2025-02-05,Wednesday,17:25:00,0.01,0.808,99.87639060568604,2025-02-05,,,Exit Condition Met For Trade
37,2025-02-06,,13:30:00,2831.58,,,,,2025-02-06,,17:25:00,2811.8,0.019999999999999962,,,0.917,-0.8540000000000001,Exit Condition Met For Trade
37.1,2025-02-06,Thursday,13:30:00,4.07,0.1,CE,2860.0,Sell,2025-02-06,Thursday,17:25:00,0.01,0.4060000000000001,99.75429975429977,2025-02-06,,,Exit Condition Met For Trade
37.2,2025-02-06,Thursday,13:30:00,8.83,0.1,PE,2820.0,Sell,2025-02-06,Thursday,17:25:00,12.75,-0.392,-44.394110985277464,2025-02-06,,,Exit Condition Met For Trade
38,2025-02-07,,13:30:00,2713.04,,,,,2025-02-07,,17:25:00,2758.3,-0.12,,,0.7589999999999999,-0.238,Exit Condition Met For Trade
38.1,2025-02-07,Friday,13:30:00,5.16,0.1,CE,2740.0,Sell,2025-02-07,Friday,17:25:00,15.25,-1.0090000000000001,-195.54263565891472,2025-02-07,,,Exit Condition Met For Trade
38.2,2025-02-07,Friday,13:30:00,8.91,0.1,PE,2700.0,Sell,2025-02-07,Friday,17:25:00,0.01,0.8900000000000001,99.88776655443321,2025-02-07,,,Exit Condition Met For Trade
39,2025-02-08,,13:30:00,2629.79,,,,,2025-02-08,,17:25:00,2609.96,0.95,,,0.963,-0.019000000000000017,Exit Condition Met For Trade
39.1,2025-02-08,Saturday,13:30:00,7.22,0.1,CE,2640.0,Sell,2025-02-08,Saturday,17:25:00,0.01,0.7210000000000001,99.86149584487535,2025-02-08,,,Exit Condition Met For Trade
39.2,2025-02-08,Saturday,13:30:00,2.44,0.1,PE,2600.0,Sell,2025-02-08,Saturday,17:25:00,0.17,0.227,93.0327868852459,2025-02-08,,,Exit Condition Met For Trade
40,2025-02-09,,13:30:00,2662.59,,,,,2025-02-09,,17:25:00,2658.94,0.62,,,0.62,-0.3330000000000001,Exit Condition Met For Trade
40.1,2025-02-09,Sunday,13:30:00,3.97,0.1,CE,2680.0,Sell,2025-02-09,Sunday,17:25:00,0.01,0.3960000000000001,99.74811083123427,2025-02-09,,,Exit Condition Met For Trade
40.2,2025-02-09,Sunday,13:30:00,2.16,0.1,PE,2640.0,Sell,2025-02-09,Sunday,17:25:00,0.01,0.21500000000000005,99.53703703703704,2025-02-09,,,Exit Condition Met For Trade
41,2025-02-10,,13:30:00,2636.95,,,,,2025-02-10,,17:25:00,2655.14,1.4500000000000002,,,1.4500000000000002,-0.008000000000000007,Exit Condition Met For Trade
41.1,2025-02-10,Monday,13:30:00,6.38,0.1,CE,2660.0,Sell,2025-02-10,Monday,17:25:00,0.01,0.637,99.84326018808778,2025-02-10,,,Exit Condition Met For Trade
41.2,2025-02-10,Monday,13:30:00,8.13,0.1,PE,2620.0,Sell,2025-02-10,Monday,17:25:00,0.01,0.8120000000000002,99.87699876998771,2025-02-10,,,Exit Condition Met For Trade
42,2025-02-11,,13:30:00,2711.86,,,,,2025-02-11,,17:25:00,2708.88,0.9299999999999999,,,0.9550000000000001,-0.06999999999999984,Exit Condition Met For Trade
42.1,2025-02-11,Tuesday,13:30:00,3.23,0.1,CE,2740.0,Sell,2025-02-11,Tuesday,17:25:00,0.01,0.32200000000000006,99.69040247678019,2025-02-11,,,Exit Condition Met For Trade
42.2,2025-02-11,Tuesday,13:30:00,6.66,0.1,PE,2700.0,Sell,2025-02-11,Tuesday,17:25:00,0.59,0.6070000000000001,91.14114114114113,2025-02-11,,,Exit Condition Met For Trade
43,2025-02-12,,13:30:00,2618.63,,,,,2025-02-12,,17:25:00,2625.39,0.9199999999999999,,,0.929,-0.245,Exit Condition Met For Trade
43.1,2025-02-12,Wednesday,13:30:00,4.29,0.1,CE,2640.0,Sell,2025-02-12,Wednesday,17:25:00,0.17,0.41200000000000003,96.03729603729603,2025-02-12,,,Exit Condition Met For Trade
43.2,2025-02-12,Wednesday,13:30:00,5.07,0.1,PE,2600.0,Sell,2025-02-12,Wednesday,17:25:00,0.01,0.5060000000000001,99.80276134122289,2025-02-12,,,Exit Condition Met For Trade
44,2025-02-13,,13:30:00,2681.38,,,,,2025-02-13,,17:25:00,2658.24,1.08,,,1.09,-0.13000000000000012,Exit Condition Met For Trade
44.1,2025-02-13,Thursday,13:30:00,6.05,0.1,CE,2700.0,Sell,2025-02-13,Thursday,17:25:00,0.01,0.6040000000000001,99.83471074380165,2025-02-13,,,Exit Condition Met For Trade
44.2,2025-02-13,Thursday,13:30:00,4.94,0.1,PE,2660.0,Sell,2025-02-13,Thursday,17:25:00,0.12,0.48200000000000004,97.57085020242914,2025-02-13,,,Exit Condition Met For Trade
45,2025-02-14,,13:30:00,2699.36,,,,,2025-02-14,,17:25:00,2685.92,0.89,,,0.89,-0.10400000000000009,Exit Condition Met For Trade
45.1,2025-02-14,Friday,13:30:00,4.35,0.1,CE,2720.0,Sell,2025-02-14,Friday,17:25:00,0.01,0.434,99.77011494252875,2025-02-14,,,Exit Condition Met For Trade
45.2,2025-02-14,Friday,13:30:00,4.56,0.1,PE,2680.0,Sell,2025-02-14,Friday,17:25:00,0.01,0.455,99.78070175438597,2025-02-14,,,Exit Condition Met For Trade
46,2025-02-15,,13:30:00,2697.6,,,,,2025-02-15,,17:25:00,2711.17,0.28,,,0.28800000000000003,-0.21599999999999997,Exit Condition Met For Trade
46.1,2025-02-15,Saturday,13:30:00,0.95,0.1,CE,2720.0,Sell,2025-02-15,Saturday,17:25:00,0.01,0.094,98.94736842105263,2025-02-15,,,Exit Condition Met For Trade
46.2,2025-02-15,Saturday,13:30:00,1.95,0.1,PE,2680.0,Sell,2025-02-15,Saturday,17:25:00,0.01,0.194,99.48717948717949,2025-02-15,,,Exit Condition Met For Trade
47,2025-02-16,,13:30:00,2695.65,,,,,2025-02-16,,17:25:00,2711.1,0.27,,,0.27,-0.017000000000000015,Exit Condition Met For Trade
47.1,2025-02-16,Sunday,13:30:00,0.87,0.1,CE,2720.0,Sell,2025-02-16,Sunday,17:25:00,0.04,0.083,95.40229885057471,2025-02-16,,,Exit Condition Met For Trade
47.2,2025-02-16,Sunday,13:30:00,1.87,0.1,PE,2680.0,Sell,2025-02-16,Sunday,17:25:00,0.01,0.18600000000000003,99.46524064171122,2025-02-16,,,Exit Condition Met For Trade
48,2025-02-17,,13:30:00,2681.6,,,,,2025-02-17,,17:25:00,2755.77,-3.9999999999999996,,,0.2430000000000001,-6.243,Exit Condition Met For Trade
48.1,2025-02-17,Monday,13:30:00,5.58,0.1,CE,2700.0,Sell,2025-02-17,Monday,17:25:00,49.46,-4.388000000000001,-786.3799283154121,2025-02-17,,,Exit Condition Met For Trade
48.2,2025-02-17,Monday,13:30:00,3.87,0.1,PE,2660.0,Sell,2025-02-17,Monday,17:25:00,0.01,0.38600000000000007,99.74160206718348,2025-02-17,,,Exit Condition Met For Trade
49,2025-02-18,,13:30:00,2672.65,,,,,2025-02-18,,17:25:00,2681.96,0.96,,,0.971,-0.30100000000000016,Exit Condition Met For Trade
49.1,2025-02-18,Tuesday,13:30:00,3.29,0.1,CE,2700.0,Sell,2025-02-18,Tuesday,17:25:00,0.16,0.313,95.13677811550151,2025-02-18,,,Exit Condition Met For Trade
49.2,2025-02-18,Tuesday,13:30:00,6.53,0.1,PE,2660.0,Sell,2025-02-18,Tuesday,17:25:00,0.01,0.6520000000000001,99.8468606431853,2025-02-18,,,Exit Condition Met For Trade
50,2025-02-19,,13:30:00,2708.43,,,,,2025-02-19,,17:25:00,2727.91,0.10999999999999999,,,0.3480000000000001,-0.8569999999999999,Exit Condition Met For Trade
50.1,2025-02-19,Wednesday,13:30:00,6.53,0.1,CE,2720.0,Sell,2025-02-19,Wednesday,17:25:00,8.36,-0.18299999999999994,-28.024502297090336,2025-02-19,,,Exit Condition Met For Trade
50.2,2025-02-19,Wednesday,13:30:00,2.95,0.1,PE,2680.0,Sell,2025-02-19,Wednesday,17:25:00,0.01,0.29400000000000004,99.66101694915255,2025-02-19,,,Exit Condition Met For Trade
51,2025-02-20,,13:30:00,2730.11,,,,,2025-02-20,,17:25:00,2738.02,0.79,,,0.79,0,Exit Condition Met For Trade
51.1,2025-02-20,Thursday,13:30:00,1.68,0.1,CE,2760.0,Sell,2025-02-20,Thursday,17:25:00,0.01,0.167,99.40476190476191,2025-02-20,,,Exit Condition Met For Trade
51.2,2025-02-20,Thursday,13:30:00,6.23,0.1,PE,2720.0,Sell,2025-02-20,Thursday,17:25:00,0.01,0.6220000000000001,99.8394863563403,2025-02-20,,,Exit Condition Met For Trade
52,2025-02-21,,13:30:00,2756.27,,,,,2025-02-21,,17:25:00,2791.54,-0.66,,,0.41100000000000003,-3.3419999999999996,Exit Condition Met For Trade
52.1,2025-02-21,Friday,13:30:00,2.49,0.1,CE,2780.0,Sell,2025-02-21,Friday,17:25:00,15.78,-1.329,-533.7349397590361,2025-02-21,,,Exit Condition Met For Trade
52.2,2025-02-21,Friday,13:30:00,6.72,0.1,PE,2750.0,Sell,2025-02-21,Friday,17:25:00,0.01,0.671,99.85119047619048,2025-02-21,,,Exit Condition Met For Trade
53,2025-02-22,,13:30:00,2684.37,,,,,2025-02-22,,17:25:00,2734.89,-3.1399999999999997,,,0.24600000000000005,-4.312,Exit Condition Met For Trade
53.1,2025-02-22,Saturday,13:30:00,4.21,0.1,CE,2700.0,Sell,2025-02-22,Saturday,17:25:00,37.36,-3.315,-787.4109263657957,2025-02-22,,,Exit Condition Met For Trade
53.2,2025-02-22,Saturday,13:30:00,1.81,0.1,PE,2660.0,Sell,2025-02-22,Saturday,17:25:00,0.01,0.18000000000000002,99.4475138121547,2025-02-22,,,Exit Condition Met For Trade
54,2025-02-23,,13:30:00,2825.15,,,,,2025-02-23,,17:25:00,2798.76,0.36,,,0.619,-0.3540000000000001,Exit Condition Met For Trade
54.1,2025-02-23,Sunday,13:30:00,4.91,0.1,CE,2840.0,Sell,2025-02-23,Sunday,17:25:00,0.01,0.49000000000000005,99.79633401221997,2025-02-23,,,Exit Condition Met For Trade
54.2,2025-02-23,Sunday,13:30:00,2.79,0.1,PE,2800.0,Sell,2025-02-23,Sunday,17:25:00,4.1,-0.13099999999999998,-46.953405017921135,2025-02-23,,,Exit Condition Met For Trade
55,2025-02-24,,13:30:00,2722.02,,,,,2025-02-24,,17:25:00,2688.06,-0.040000000000000036,,,0.554,-2.1310000000000002,Exit Condition Met For Trade
55.1,2025-02-24,Monday,13:30:00,7.49,0.1,CE,2740.0,Sell,2025-02-24,Monday,17:25:00,0.01,0.7480000000000001,99.86648865153538,2025-02-24,,,Exit Condition Met For Trade
55.2,2025-02-24,Monday,13:30:00,6.37,0.1,PE,2700.0,Sell,2025-02-24,Monday,17:25:00,14.3,-0.7930000000000001,-124.48979591836736,2025-02-24,,,Exit Condition Met For Trade
56,2025-02-25,,13:30:00,2367.92,,,,,2025-02-25,,17:25:00,2430.73,0.3400000000000001,,,2.3760000000000003,-1.5379999999999998,Exit Condition Met For Trade
56.1,2025-02-25,Tuesday,13:30:00,17.48,0.1,CE,2380.0,Sell,2025-02-25,Tuesday,17:25:00,23.35,-0.5870000000000001,-33.58123569794051,2025-02-25,,,Exit Condition Met For Trade
56.2,2025-02-25,Tuesday,13:30:00,9.27,0.1,PE,2340.0,Sell,2025-02-25,Tuesday,17:25:00,0.01,0.926,99.89212513484358,2025-02-25,,,Exit Condition Met For Trade
57,2025-02-26,,13:30:00,2483.92,,,,,2025-02-26,,17:25:00,2467.66,0.8500000000000001,,,0.8500000000000001,-0.42300000000000004,Exit Condition Met For Trade
57.1,2025-02-26,Wednesday,13:30:00,5.21,0.1,CE,2500.0,Sell,2025-02-26,Wednesday,17:25:00,0.01,0.52,99.8080614203455,2025-02-26,,,Exit Condition Met For Trade
57.2,2025-02-26,Wednesday,13:30:00,3.28,0.1,PE,2460.0,Sell,2025-02-26,Wednesday,17:25:00,0.01,0.327,99.69512195121952,2025-02-26,,,Exit Condition Met For Trade
58,2025-02-27,,13:30:00,2356.18,,,,,2025-02-27,,17:25:00,2350.0,1.11,,,1.11,-0.01100000000000012,Exit Condition Met For Trade
58.1,2025-02-27,Thursday,13:30:00,4.6,0.1,CE,2380.0,Sell,2025-02-27,Thursday,17:25:00,0.01,0.459,99.78260869565219,2025-02-27,,,Exit Condition Met For Trade
58.2,2025-02-27,Thursday,13:30:00,6.48,0.1,PE,2340.0,Sell,2025-02-27,Thursday,17:25:00,0.01,0.6470000000000001,99.84567901234568,2025-02-27,,,Exit Condition Met For Trade
59,2025-02-28,,13:30:00,2106.13,,,,,2025-02-28,,17:25:00,2127.81,1.47,,,2.0279999999999996,-0.895,Exit Condition Met For Trade
59.1,2025-02-28,Friday,13:30:00,17.06,0.1,CE,2120.0,Sell,2025-02-28,Friday,17:25:00,14.62,0.24399999999999997,14.302461899179365,2025-02-28,,,Exit Condition Met For Trade
59.2,2025-02-28,Friday,13:30:00,12.26,0.1,PE,2080.0,Sell,2025-02-28,Friday,17:25:00,0.01,1.225,99.9184339314845,2025-02-28,,,Exit Condition Met For Trade
60,2025-03-01,,13:30:00,2229.14,,,,,2025-03-01,,17:25:00,2182.0,-0.83,,,0.705,-1.625,Exit Condition Met For Trade
60.1,2025-03-01,Saturday,13:30:00,6.01,0.1,CE,2240.0,Sell,2025-03-01,Saturday,17:25:00,0.01,0.6000000000000001,99.83361064891847,2025-03-01,,,Exit Condition Met For Trade
60.2,2025-03-01,Saturday,13:30:00,2.15,0.1,PE,2200.0,Sell,2025-03-01,Saturday,17:25:00,16.46,-1.431,-665.5813953488372,2025-03-01,,,Exit Condition Met For Trade
61,2025-03-02,,13:30:00,2221.41,,,,,2025-03-02,,17:25:00,2238.5,0.56,,,0.565,-0.9869999999999999,Exit Condition Met For Trade
61.1,2025-03-02,Sunday,13:30:00,3.84,0.1,CE,2240.0,Sell,2025-03-02,Sunday,17:25:00,1.66,0.21799999999999997,56.77083333333333,2025-03-02,,,Exit Condition Met For Trade
61.2,2025-03-02,Sunday,13:30:00,3.38,0.1,PE,2200.0,Sell,2025-03-02,Sunday,17:25:00,0.01,0.337,99.70414201183432,2025-03-02,,,Exit Condition Met For Trade
62,2025-03-03,,13:30:00,2387.29,,,,,2025-03-03,,17:25:00,2351.96,1.56,,,1.5750000000000002,-1.779,Exit Condition Met For Trade
62.1,2025-03-03,Monday,13:30:00,13.28,0.1,CE,2400.0,Sell,2025-03-03,Monday,17:25:00,0.01,1.327,99.92469879518073,2025-03-03,,,Exit Condition Met For Trade
62.2,2025-03-03,Monday,13:30:00,7.88,0.1,PE,2360.0,Sell,2025-03-03,Monday,17:25:00,5.58,0.22999999999999998,29.187817258883246,2025-03-03,,,Exit Condition Met For Trade
63,2025-03-04,,13:30:00,2080.6,,,,,2025-03-04,,17:25:00,2106.7,1.06,,,1.3050000000000002,-0.46599999999999997,Exit Condition Met For Trade
63.1,2025-03-04,Tuesday,13:30:00,9.5,0.1,CE,2100.0,Sell,2025-03-04,Tuesday,17:25:00,8.05,0.14499999999999993,15.263157894736835,2025-03-04,,,Exit Condition Met For Trade
63.2,2025-03-04,Tuesday,13:30:00,9.18,0.1,PE,2060.0,Sell,2025-03-04,Tuesday,17:25:00,0.01,0.917,99.89106753812636,2025-03-04,,,Exit Condition Met For Trade
64,2025-03-05,,13:30:00,2206.92,,,,,2025-03-05,,17:25:00,2212.83,0.66,,,0.7709999999999999,-3.7980000000000005,Exit Condition Met For Trade
64.1,2025-03-05,Wednesday,13:30:00,8.68,0.1,CE,2220.0,Sell,2025-03-05,Wednesday,17:25:00,6.36,0.23199999999999996,26.728110599078335,2025-03-05,,,Exit Condition Met For Trade
64.2,2025-03-05,Wednesday,13:30:00,4.31,0.1,PE,2180.0,Sell,2025-03-05,Wednesday,17:25:00,0.01,0.43,99.7679814385151,2025-03-05,,,Exit Condition Met For Trade
65,2025-03-06,,13:30:00,2286.06,,,,,2025-03-06,,17:25:00,2296.34,0.96,,,0.9740000000000001,-0.19099999999999984,Exit Condition Met For Trade
65.1,2025-03-06,Thursday,13:30:00,6.62,0.1,CE,2300.0,Sell,2025-03-06,Thursday,17:25:00,0.17,0.645,97.43202416918429,2025-03-06,,,Exit Condition Met For Trade
65.2,2025-03-06,Thursday,13:30:00,3.23,0.1,PE,2260.0,Sell,2025-03-06,Thursday,17:25:00,0.01,0.32200000000000006,99.69040247678019,2025-03-06,,,Exit Condition Met For Trade
66,2025-03-07,,13:30:00,2192.41,,,,,2025-03-07,,17:25:00,2196.26,1.29,,,1.294,-0.18300000000000005,Exit Condition Met For Trade
66.1,2025-03-07,Friday,13:30:00,4.66,0.1,CE,2220.0,Sell,2025-03-07,Friday,17:25:00,0.03,0.463,99.35622317596567,2025-03-07,,,Exit Condition Met For Trade
66.2,2025-03-07,Friday,13:30:00,8.4,0.1,PE,2180.0,Sell,2025-03-07,Friday,17:25:00,0.09,0.8310000000000001,98.92857142857143,2025-03-07,,,Exit Condition Met For Trade
67,2025-03-08,,13:30:00,2137.8,,,,,2025-03-08,,17:25:00,2137.53,0.39,,,0.397,-0.20899999999999996,Exit Condition Met For Trade
67.1,2025-03-08,Saturday,13:30:00,1.66,0.1,CE,2160.0,Sell,2025-03-08,Saturday,17:25:00,0.01,0.165,99.3975903614458,2025-03-08,,,Exit Condition Met For Trade
67.2,2025-03-08,Saturday,13:30:00,2.33,0.1,PE,2120.0,Sell,2025-03-08,Saturday,17:25:00,0.01,0.23200000000000004,99.57081545064379,2025-03-08,,,Exit Condition Met For Trade
68,2025-03-09,,13:30:00,2185.03,,,,,2025-03-09,,17:25:00,2145.15,-0.98,,,0.414,-2.3689999999999998,Exit Condition Met For Trade
68.1,2025-03-09,Sunday,13:30:00,5.05,0.1,CE,2200.0,Sell,2025-03-09,Sunday,17:25:00,0.01,0.504,99.8019801980198,2025-03-09,,,Exit Condition Met For Trade
68.2,2025-03-09,Sunday,13:30:00,1.15,0.1,PE,2160.0,Sell,2025-03-09,Sunday,17:25:00,15.99,-1.484,-1290.4347826086957,2025-03-09,,,Exit Condition Met For Trade
69,2025-03-10,,13:30:00,2075.26,,,,,2025-03-10,,17:25:00,2135.51,-1.1199999999999999,,,0.565,-3.5080000000000005,Exit Condition Met For Trade
69.1,2025-03-10,Monday,13:30:00,3.42,0.1,CE,2100.0,Sell,2025-03-10,Monday,17:25:00,20.14,-1.672,-488.8888888888889,2025-03-10,,,Exit Condition Met For Trade
69.2,2025-03-10,Monday,13:30:00,5.53,0.1,PE,2060.0,Sell,2025-03-10,Monday,17:25:00,0.01,0.552,99.81916817359856,2025-03-10,,,Exit Condition Met For Trade
70,2025-03-11,,13:30:00,1904.05,,,,,2025-03-11,,17:25:00,1915.88,1.52,,,1.5300000000000002,-0.22799999999999998,Exit Condition Met For Trade
70.1,2025-03-11,Tuesday,13:30:00,9.3,0.1,CE,1920.0,Sell,2025-03-11,Tuesday,17:25:00,0.3,0.9,96.77419354838709,2025-03-11,,,Exit Condition Met For Trade
70.2,2025-03-11,Tuesday,13:30:00,6.24,0.1,PE,1880.0,Sell,2025-03-11,Tuesday,17:25:00,0.01,0.6230000000000001,99.83974358974359,2025-03-11,,,Exit Condition Met For Trade
71,2025-03-12,,13:30:00,1911.43,,,,,2025-03-12,,17:25:00,1913.32,0.99,,,0.992,-1.5670000000000002,Exit Condition Met For Trade
71.1,2025-03-12,Wednesday,13:30:00,2.99,0.1,CE,1940.0,Sell,2025-03-12,Wednesday,17:25:00,0.01,0.29800000000000004,99.6655518394649,2025-03-12,,,Exit Condition Met For Trade
71.2,2025-03-12,Wednesday,13:30:00,7.01,0.1,PE,1900.0,Sell,2025-03-12,Wednesday,17:25:00,0.13,0.6880000000000001,98.14550641940086,2025-03-12,,,Exit Condition Met For Trade
72,2025-03-13,,13:30:00,1872.13,,,,,2025-03-13,,17:25:00,1896.48,1.1199999999999999,,,1.1239999999999999,-0.5670000000000002,Exit Condition Met For Trade
72.1,2025-03-13,Thursday,13:30:00,4.12,0.1,CE,1900.0,Sell,2025-03-13,Thursday,17:25:00,0.01,0.41100000000000003,99.75728155339807,2025-03-13,,,Exit Condition Met For Trade
72.2,2025-03-13,Thursday,13:30:00,7.14,0.1,PE,1860.0,Sell,2025-03-13,Thursday,17:25:00,0.01,0.7130000000000001,99.85994397759104,2025-03-13,,,Exit Condition Met For Trade
73,2025-03-14,,13:30:00,1893.26,,,,,2025-03-14,,17:25:00,1902.22,0.62,,,0.62,-0.030000000000000027,Exit Condition Met For Trade
73.1,2025-03-14,Friday,13:30:00,2.12,0.1,CE,1920.0,Sell,2025-03-14,Friday,17:25:00,0.01,0.21100000000000005,99.52830188679246,2025-03-14,,,Exit Condition Met For Trade
73.2,2025-03-14,Friday,13:30:00,4.09,0.1,PE,1880.0,Sell,2025-03-14,Friday,17:25:00,0.01,0.40800000000000003,99.75550122249389,2025-03-14,,,Exit Condition Met For Trade
74,2025-03-15,,13:30:00,1917.9,,,,,2025-03-15,,17:25:00,1931.87,0.21000000000000002,,,0.21200000000000002,-0.033,Exit Condition Met For Trade
74.1,2025-03-15,Saturday,13:30:00,0.82,0.1,CE,1940.0,Sell,2025-03-15,Saturday,17:25:00,0.01,0.081,98.78048780487805,2025-03-15,,,Exit Condition Met For Trade
74.2,2025-03-15,Saturday,13:30:00,1.32,0.1,PE,1900.0,Sell,2025-03-15,Saturday,17:25:00,0.01,0.131,99.24242424242424,2025-03-15,,,Exit Condition Met For Trade
75,2025-03-16,,13:30:00,1926.14,,,,,2025-03-16,,17:25:00,1871.69,-2.42,,,0.134,-2.4990000000000006,Exit Condition Met For Trade
75.1,2025-03-16,Sunday,13:30:00,1.49,0.1,CE,1940.0,Sell,2025-03-16,Sunday,17:25:00,0.01,0.148,99.32885906040269,2025-03-16,,,Exit Condition Met For Trade
75.2,2025-03-16,Sunday,13:30:00,0.38,0.1,PE,1900.0,Sell,2025-03-16,Sunday,17:25:00,26.09,-2.571,-6765.789473684211,2025-03-16,,,Exit Condition Met For Trade
76,2025-03-17,,13:30:00,1900.97,,,,,2025-03-17,,17:25:00,1911.3,0.48,,,0.48000000000000004,0,Exit Condition Met For Trade
76.1,2025-03-17,Monday,13:30:00,2.6,0.1,CE,1920.0,Sell,2025-03-17,Monday,17:25:00,0.04,0.256,98.46153846153845,2025-03-17,,,Exit Condition Met For Trade
76.2,2025-03-17,Monday,13:30:00,2.24,0.1,PE,1880.0,Sell,2025-03-17,Monday,17:25:00,0.01,0.22300000000000006,99.55357142857144,2025-03-17,,,Exit Condition Met For Trade
77,2025-03-18,,13:30:00,1904.93,,,,,2025-03-18,,17:25:00,1890.86,0.33,,,0.332,-0.05199999999999999,Exit Condition Met For Trade
77.1,2025-03-18,Tuesday,13:30:00,2.33,0.1,CE,1920.0,Sell,2025-03-18,Tuesday,17:25:00,0.01,0.23200000000000004,99.57081545064379,2025-03-18,,,Exit Condition Met For Trade
77.2,2025-03-18,Tuesday,13:30:00,1.01,0.1,PE,1880.0,Sell,2025-03-18,Tuesday,17:25:00,0.01,0.1,99.00990099009901,2025-03-18,,,Exit Condition Met For Trade
78,2025-03-19,,13:30:00,1932.1,,,,,2025-03-19,,17:25:00,2028.2,-5.89,,,0.23500000000000004,-5.998000000000001,Exit Condition Met For Trade
78.1,2025-03-19,Wednesday,13:30:00,0.82,0.1,CE,1960.0,Sell,2025-03-19,Wednesday,17:25:00,62.53,-6.171,-7525.609756097561,2025-03-19,,,Exit Condition Met For Trade
78.2,2025-03-19,Wednesday,13:30:00,2.77,0.1,PE,1920.0,Sell,2025-03-19,Wednesday,17:25:00,0.01,0.276,99.63898916967509,2025-03-19,,,Exit Condition Met For Trade
79,2025-03-20,,13:30:00,2007.48,,,,,2025-03-20,,17:25:00,1990.19,0.5700000000000001,,,0.5730000000000001,-0.44000000000000006,Exit Condition Met For Trade
79.1,2025-03-20,Thursday,13:30:00,4.01,0.1,CE,2020.0,Sell,2025-03-20,Thursday,17:25:00,0.01,0.4,99.75062344139651,2025-03-20,,,Exit Condition Met For Trade
79.2,2025-03-20,Thursday,13:30:00,1.74,0.1,PE,1980.0,Sell,2025-03-20,Thursday,17:25:00,0.01,0.17300000000000001,99.42528735632185,2025-03-20,,,Exit Condition Met For Trade
80,2025-03-21,,13:30:00,1976.92,,,,,2025-03-21,,17:25:00,1965.7,0.41000000000000003,,,0.41000000000000003,-0.239,Exit Condition Met For Trade
80.1,2025-03-21,Friday,13:30:00,1.8,0.1,CE,2000.0,Sell,2025-03-21,Friday,17:25:00,0.01,0.17900000000000002,99.44444444444444,2025-03-21,,,Exit Condition Met For Trade
80.2,2025-03-21,Friday,13:30:00,2.34,0.1,PE,1960.0,Sell,2025-03-21,Friday,17:25:00,0.02,0.23199999999999998,99.14529914529913,2025-03-21,,,Exit Condition Met For Trade
81,2025-03-22,,13:30:00,1984.28,,,,,2025-03-22,,17:25:00,1989.41,0.15,,,0.151,-0.553,Exit Condition Met For Trade
81.1,2025-03-22,Saturday,13:30:00,1.18,0.1,CE,2000.0,Sell,2025-03-22,Saturday,17:25:00,0.01,0.11699999999999999,99.15254237288136,2025-03-22,,,Exit Condition Met For Trade
81.2,2025-03-22,Saturday,13:30:00,0.35,0.1,PE,1960.0,Sell,2025-03-22,Saturday,17:25:00,0.01,0.033999999999999996,97.14285714285715,2025-03-22,,,Exit Condition Met For Trade
82,2025-03-23,,13:30:00,2008.09,,,,,2025-03-23,,17:25:00,2005.7,0.22000000000000003,,,0.22000000000000003,-0.248,Exit Condition Met For Trade
82.1,2025-03-23,Sunday,13:30:00,1.69,0.1,CE,2020.0,Sell,2025-03-23,Sunday,17:25:00,0.02,0.167,98.81656804733728,2025-03-23,,,Exit Condition Met For Trade
82.2,2025-03-23,Sunday,13:30:00,0.51,0.1,PE,1980.0,Sell,2025-03-23,Sunday,17:25:00,0.01,0.05,98.0392156862745,2025-03-23,,,Exit Condition Met For Trade
83,2025-03-24,,13:30:00,2069.18,,,,,2025-03-24,,17:25:00,2094.35,-0.62,,,0,-1.4659999999999997,Exit Condition Met For Trade
83.1,2025-03-24,Monday,13:30:00,5.44,0.1,CE,2080.0,Sell,2025-03-24,Monday,17:25:00,12.8,-0.7360000000000001,-135.2941176470588,2025-03-24,,,Exit Condition Met For Trade
83.2,2025-03-24,Monday,13:30:00,1.22,0.1,PE,2040.0,Sell,2025-03-24,Monday,17:25:00,0.01,0.121,99.18032786885246,2025-03-24,,,Exit Condition Met For Trade
84,2025-03-25,,13:30:00,2055.72,,,,,2025-03-25,,17:25:00,2071.02,0.35,,,0.35,-0.08799999999999997,Exit Condition Met For Trade
84.1,2025-03-25,Tuesday,13:30:00,1.07,0.1,CE,2080.0,Sell,2025-03-25,Tuesday,17:25:00,0.01,0.10600000000000001,99.06542056074765,2025-03-25,,,Exit Condition Met For Trade
84.2,2025-03-25,Tuesday,13:30:00,2.41,0.1,PE,2040.0,Sell,2025-03-25,Tuesday,17:25:00,0.01,0.24000000000000005,99.5850622406639,2025-03-25,,,Exit Condition Met For Trade
85,2025-03-26,,13:30:00,2069.48,,,,,2025-03-26,,17:25:00,2068.76,0.38,,,0.38100000000000006,-0.0699999999999999,Exit Condition Met For Trade
85.1,2025-03-26,Wednesday,13:30:00,3.2,0.1,CE,2080.0,Sell,2025-03-26,Wednesday,17:25:00,0.03,0.31700000000000006,99.06250000000001,2025-03-26,,,Exit Condition Met For Trade
85.2,2025-03-26,Wednesday,13:30:00,0.63,0.1,PE,2040.0,Sell,2025-03-26,Wednesday,17:25:00,0.01,0.062,98.41269841269842,2025-03-26,,,Exit Condition Met For Trade
86,2025-03-27,,13:30:00,2026.38,,,,,2025-03-27,,17:25:00,2012.71,0.35,,,0.35,-0.14100000000000013,Exit Condition Met For Trade
86.1,2025-03-27,Thursday,13:30:00,2.48,0.1,CE,2040.0,Sell,2025-03-27,Thursday,17:25:00,0.01,0.24700000000000003,99.5967741935484,2025-03-27,,,Exit Condition Met For Trade
86.2,2025-03-27,Thursday,13:30:00,1.04,0.1,PE,2000.0,Sell,2025-03-27,Thursday,17:25:00,0.01,0.10300000000000001,99.03846153846153,2025-03-27,,,Exit Condition Met For Trade
87,2025-03-28,,13:30:00,1909.9,,,,,2025-03-28,,17:25:00,1900.29,0.8600000000000001,,,0.8600000000000001,-0.13,Exit Condition Met For Trade
87.1,2025-03-28,Friday,13:30:00,6.7,0.1,CE,1920.0,Sell,2025-03-28,Friday,17:25:00,0.01,0.669,99.85074626865672,2025-03-28,,,Exit Condition Met For Trade
87.2,2025-03-28,Friday,13:30:00,1.89,0.1,PE,1880.0,Sell,2025-03-28,Friday,17:25:00,0.02,0.187,98.94179894179895,2025-03-28,,,Exit Condition Met For Trade
88,2025-03-29,,13:30:00,1880.34,,,,,2025-03-29,,17:25:00,1838.99,-1.67,,,0.16600000000000004,-1.67,Exit Condition Met For Trade
88.1,2025-03-29,Saturday,13:30:00,0.67,0.1,CE,1900.0,Sell,2025-03-29,Saturday,17:25:00,0.01,0.066,98.50746268656715,2025-03-29,,,Exit Condition Met For Trade
88.2,2025-03-29,Saturday,13:30:00,1.56,0.1,PE,1860.0,Sell,2025-03-29,Saturday,17:25:00,18.93,-1.737,-1113.4615384615383,2025-03-29,,,Exit Condition Met For Trade
89,2025-03-30,,13:30:00,1837.65,,,,,2025-03-30,,17:25:00,1834.0,0.42000000000000004,,,0.42000000000000004,-0.010000000000000009,Exit Condition Met For Trade
89.1,2025-03-30,Sunday,13:30:00,2.27,0.1,CE,1860.0,Sell,2025-03-30,Sunday,17:25:00,0.01,0.22600000000000003,99.55947136563879,2025-03-30,,,Exit Condition Met For Trade
89.2,2025-03-30,Sunday,13:30:00,1.93,0.1,PE,1820.0,Sell,2025-03-30,Sunday,17:25:00,0.01,0.192,99.48186528497409,2025-03-30,,,Exit Condition Met For Trade
90,2025-03-31,,13:30:00,1798.99,,,,,2025-03-31,,17:25:00,1815.48,0.6699999999999999,,,0.6699999999999999,-0.14600000000000002,Exit Condition Met For Trade
90.1,2025-03-31,Monday,13:30:00,3.0,0.1,CE,1820.0,Sell,2025-03-31,Monday,17:25:00,0.01,0.29900000000000004,99.66666666666667,2025-03-31,,,Exit Condition Met For Trade
90.2,2025-03-31,Monday,13:30:00,3.67,0.1,PE,1780.0,Sell,2025-03-31,Monday,17:25:00,0.01,0.36600000000000005,99.7275204359673,2025-03-31,,,Exit Condition Met For Trade
91,2025-04-01,,13:30:00,1854.22,,,,,2025-04-01,,17:25:00,1860.43,0.27,,,0.272,-1.129,Exit Condition Met For Trade
91.1,2025-04-01,Tuesday,13:30:00,0.82,0.1,CE,1880.0,Sell,2025-04-01,Tuesday,17:25:00,0.01,0.081,98.78048780487805,2025-04-01,,,Exit Condition Met For Trade
91.2,2025-04-01,Tuesday,13:30:00,1.92,0.1,PE,1840.0,Sell,2025-04-01,Tuesday,17:25:00,0.01,0.191,99.47916666666667,2025-04-01,,,Exit Condition Met For Trade
92,2025-04-02,,13:30:00,1865.08,,,,,2025-04-02,,17:25:00,1869.53,0.5,,,0.5020000000000001,-0.6219999999999999,Exit Condition Met For Trade
92.1,2025-04-02,Wednesday,13:30:00,3.24,0.1,CE,1880.0,Sell,2025-04-02,Wednesday,17:25:00,0.04,0.32000000000000006,98.76543209876543,2025-04-02,,,Exit Condition Met For Trade
92.2,2025-04-02,Wednesday,13:30:00,1.81,0.1,PE,1840.0,Sell,2025-04-02,Wednesday,17:25:00,0.01,0.18000000000000002,99.4475138121547,2025-04-02,,,Exit Condition Met For Trade
93,2025-04-03,,13:30:00,1815.41,,,,,2025-04-03,,17:25:00,1795.52,0.16,,,0.3200000000000001,-0.7410000000000001,Exit Condition Met For Trade
93.1,2025-04-03,Thursday,13:30:00,1.57,0.1,CE,1840.0,Sell,2025-04-03,Thursday,17:25:00,0.01,0.15600000000000003,99.36305732484077,2025-04-03,,,Exit Condition Met For Trade
93.2,2025-04-03,Thursday,13:30:00,3.48,0.1,PE,1800.0,Sell,2025-04-03,Thursday,17:25:00,3.47,0.0009999999999999788,0.28735632183907434,2025-04-03,,,Exit Condition Met For Trade
94,2025-04-04,,13:30:00,1817.89,,,,,2025-04-04,,17:25:00,1781.55,-1.96,,,0.44399999999999995,-2.9310000000000005,Exit Condition Met For Trade
94.1,2025-04-04,Friday,13:30:00,2.12,0.1,CE,1840.0,Sell,2025-04-04,Friday,17:25:00,0.01,0.21100000000000005,99.52830188679246,2025-04-04,,,Exit Condition Met For Trade
94.2,2025-04-04,Friday,13:30:00,4.14,0.1,PE,1800.0,Sell,2025-04-04,Friday,17:25:00,25.83,-2.169,-523.9130434782609,2025-04-04,,,Exit Condition Met For Trade
95,2025-04-05,,13:30:00,1813.11,,,,,2025-04-05,,17:25:00,1807.63,0.33,,,0.332,-0.061,Exit Condition Met For Trade
95.1,2025-04-05,Saturday,13:30:00,0.72,0.1,CE,1840.0,Sell,2025-04-05,Saturday,17:25:00,0.01,0.071,98.61111111111111,2025-04-05,,,Exit Condition Met For Trade
95.2,2025-04-05,Saturday,13:30:00,2.62,0.1,PE,1800.0,Sell,2025-04-05,Saturday,17:25:00,0.01,0.26100000000000007,99.61832061068704,2025-04-05,,,Exit Condition Met For Trade
96,2025-04-06,,13:30:00,1797.83,,,,,2025-04-06,,17:25:00,1790.6,0.23,,,0.24,-0.20100000000000007,Exit Condition Met For Trade
96.1,2025-04-06,Sunday,13:30:00,1.03,0.1,CE,1820.0,Sell,2025-04-06,Sunday,17:25:00,0.01,0.10200000000000001,99.02912621359224,2025-04-06,,,Exit Condition Met For Trade
96.2,2025-04-06,Sunday,13:30:00,1.41,0.1,PE,1780.0,Sell,2025-04-06,Sunday,17:25:00,0.12,0.129,91.48936170212767,2025-04-06,,,Exit Condition Met For Trade
97,2025-04-07,,13:30:00,1460.52,,,,,2025-04-07,,17:25:00,1481.76,1.75,,,1.75,-1.662,Exit Condition Met For Trade
97.1,2025-04-07,Monday,13:30:00,10.94,0.1,CE,1480.0,Sell,2025-04-07,Monday,17:25:00,3.89,0.705,64.44241316270566,2025-04-07,,,Exit Condition Met For Trade
97.2,2025-04-07,Monday,13:30:00,10.54,0.1,PE,1440.0,Sell,2025-04-07,Monday,17:25:00,0.01,1.053,99.90512333965845,2025-04-07,,,Exit Condition Met For Trade
98,2025-04-08,,13:30:00,1570.85,,,,,2025-04-08,,17:25:00,1586.01,0.76,,,0.76,-0.515,Exit Condition Met For Trade
98.1,2025-04-08,Tuesday,13:30:00,1.81,0.1,CE,1600.0,Sell,2025-04-08,Tuesday,17:25:00,0.01,0.18000000000000002,99.4475138121547,2025-04-08,,,Exit Condition Met For Trade
98.2,2025-04-08,Tuesday,13:30:00,5.79,0.1,PE,1560.0,Sell,2025-04-08,Tuesday,17:25:00,0.01,0.5780000000000001,99.82728842832469,2025-04-08,,,Exit Condition Met For Trade
99,2025-04-09,,13:30:00,1483.38,,,,,2025-04-09,,17:25:00,1453.32,0.5599999999999999,,,1.0090000000000001,-0.009999999999999787,Exit Condition Met For Trade
99.1,2025-04-09,Wednesday,13:30:00,7.24,0.1,CE,1500.0,Sell,2025-04-09,Wednesday,17:25:00,0.01,0.7230000000000001,99.86187845303867,2025-04-09,,,Exit Condition Met For Trade
99.2,2025-04-09,Wednesday,13:30:00,4.9,0.1,PE,1460.0,Sell,2025-04-09,Wednesday,17:25:00,6.49,-0.159,-32.44897959183673,2025-04-09,,,Exit Condition Met For Trade
100,2025-04-10,,13:30:00,1595.78,,,,,2025-04-10,,17:25:00,1590.07,0.8500000000000001,,,0.8500000000000001,-0.129,Exit Condition Met For Trade
100.1,2025-04-10,Thursday,13:30:00,3.17,0.1,CE,1620.0,Sell,2025-04-10,Thursday,17:25:00,0.01,0.31600000000000006,99.6845425867508,2025-04-10,,,Exit Condition Met For Trade
100.2,2025-04-10,Thursday,13:30:00,5.33,0.1,PE,1580.0,Sell,2025-04-10,Thursday,17:25:00,0.01,0.532,99.81238273921201,2025-04-10,,,Exit Condition Met For Trade
101,2025-04-11,,13:30:00,1552.94,,,,,2025-04-11,,17:25:00,1556.88,0.8500000000000001,,,0.8500000000000001,-1.2400000000000002,Exit Condition Met For Trade
101.1,2025-04-11,Friday,13:30:00,5.82,0.1,CE,1560.0,Sell,2025-04-11,Friday,17:25:00,1.25,0.4570000000000001,78.52233676975945,2025-04-11,,,Exit Condition Met For Trade
101.2,2025-04-11,Friday,13:30:00,3.89,0.1,PE,1540.0,Sell,2025-04-11,Friday,17:25:00,0.01,0.38800000000000007,99.74293059125965,2025-04-11,,,Exit Condition Met For Trade
102,2025-04-12,,13:30:00,1582.1,,,,,2025-04-12,,17:25:00,1595.31,0.25,,,0.25,-0.627,Exit Condition Met For Trade
102.1,2025-04-12,Saturday,13:30:00,1.81,0.1,CE,1600.0,Sell,2025-04-12,Saturday,17:25:00,0.01,0.18000000000000002,99.4475138121547,2025-04-12,,,Exit Condition Met For Trade
102.2,2025-04-12,Saturday,13:30:00,0.67,0.1,PE,1560.0,Sell,2025-04-12,Saturday,17:25:00,0.01,0.066,98.50746268656715,2025-04-12,,,Exit Condition Met For Trade
103,2025-04-13,,13:30:00,1613.49,,,,,2025-04-13,,17:25:00,1600.05,0.6,,,0.6,-0.04800000000000004,Exit Condition Met For Trade
103.1,2025-04-13,Sunday,13:30:00,1.02,0.1,CE,1640.0,Sell,2025-04-13,Sunday,17:25:00,0.01,0.101,99.01960784313725,2025-04-13,,,Exit Condition Met For Trade
103.2,2025-04-13,Sunday,13:30:00,5.08,0.1,PE,1600.0,Sell,2025-04-13,Sunday,17:25:00,0.09,0.49900000000000005,98.22834645669292,2025-04-13,,,Exit Condition Met For Trade
104,2025-04-14,,13:30:00,1635.71,,,,,2025-04-14,,17:25:00,1675.45,-0.92,,,0.47100000000000003,-2.128,Exit Condition Met For Trade
104.1,2025-04-14,Monday,13:30:00,2.51,0.1,CE,1660.0,Sell,2025-04-14,Monday,17:25:00,15.68,-1.3170000000000002,-524.7011952191235,2025-04-14,,,Exit Condition Met For Trade
104.2,2025-04-14,Monday,13:30:00,4.0,0.1,PE,1620.0,Sell,2025-04-14,Monday,17:25:00,0.01,0.399,99.75,2025-04-14,,,Exit Condition Met For Trade
105,2025-04-15,,13:30:00,1645.0,,,,,2025-04-15,,17:25:00,1631.01,0.43,,,0.43800000000000006,-0.08299999999999996,Exit Condition Met For Trade
105.1,2025-04-15,Tuesday,13:30:00,3.24,0.1,CE,1660.0,Sell,2025-04-15,Tuesday,17:25:00,0.01,0.32300000000000006,99.69135802469137,2025-04-15,,,Exit Condition Met For Trade
105.2,2025-04-15,Tuesday,13:30:00,1.16,0.1,PE,1620.0,Sell,2025-04-15,Tuesday,17:25:00,0.02,0.11399999999999999,98.27586206896551,2025-04-15,,,Exit Condition Met For Trade
106,2025-04-16,,13:30:00,1564.32,,,,,2025-04-16,,17:25:00,1583.6,0.29000000000000004,,,0.36200000000000004,-0.4650000000000001,Exit Condition Met For Trade
106.1,2025-04-16,Wednesday,13:30:00,3.06,0.1,CE,1580.0,Sell,2025-04-16,Wednesday,17:25:00,1.36,0.17,55.55555555555556,2025-04-16,,,Exit Condition Met For Trade
106.2,2025-04-16,Wednesday,13:30:00,1.16,0.1,PE,1540.0,Sell,2025-04-16,Wednesday,17:25:00,0.01,0.11499999999999999,99.13793103448275,2025-04-16,,,Exit Condition Met For Trade
107,2025-04-17,,13:30:00,1601.79,,,,,2025-04-17,,17:25:00,1595.11,0.38,,,0.381,-0.013000000000000012,Exit Condition Met For Trade
107.1,2025-04-17,Thursday,13:30:00,2.69,0.1,CE,1620.0,Sell,2025-04-17,Thursday,17:25:00,0.01,0.268,99.62825278810409,2025-04-17,,,Exit Condition Met For Trade
107.2,2025-04-17,Thursday,13:30:00,1.14,0.1,PE,1580.0,Sell,2025-04-17,Thursday,17:25:00,0.01,0.11299999999999999,99.12280701754385,2025-04-17,,,Exit Condition Met For Trade
108,2025-04-18,,13:30:00,1584.28,,,,,2025-04-18,,17:25:00,1590.49,0.2,,,0.207,-0.06800000000000003,Exit Condition Met For Trade
108.1,2025-04-18,Friday,13:30:00,1.43,0.1,CE,1600.0,Sell,2025-04-18,Friday,17:25:00,0.01,0.142,99.3006993006993,2025-04-18,,,Exit Condition Met For Trade
108.2,2025-04-18,Friday,13:30:00,0.66,0.1,PE,1560.0,Sell,2025-04-18,Friday,17:25:00,0.01,0.065,98.48484848484848,2025-04-18,,,Exit Condition Met For Trade
109,2025-04-19,,13:30:00,1600.92,,,,,2025-04-19,,17:25:00,1596.04,0.13,,,0.13,-0.05200000000000002,Exit Condition Met For Trade
109.1,2025-04-19,Saturday,13:30:00,0.99,0.1,CE,1620.0,Sell,2025-04-19,Saturday,17:25:00,0.01,0.098,98.98989898989899,2025-04-19,,,Exit Condition Met For Trade
109.2,2025-04-19,Saturday,13:30:00,0.32,0.1,PE,1580.0,Sell,2025-04-19,Saturday,17:25:00,0.01,0.031,96.875,2025-04-19,,,Exit Condition Met For Trade
110,2025-04-20,,13:30:00,1597.53,,,,,2025-04-20,,17:25:00,1569.77,-0.76,,,0.09500000000000003,-0.8389999999999999,Exit Condition Met For Trade
110.1,2025-04-20,Sunday,13:30:00,0.52,0.1,CE,1620.0,Sell,2025-04-20,Sunday,17:25:00,0.01,0.051000000000000004,98.07692307692308,2025-04-20,,,Exit Condition Met For Trade
110.2,2025-04-20,Sunday,13:30:00,1.1,0.1,PE,1580.0,Sell,2025-04-20,Sunday,17:25:00,9.17,-0.807,-733.6363636363636,2025-04-20,,,Exit Condition Met For Trade
111,2025-04-21,,13:30:00,1645.88,,,,,2025-04-21,,17:25:00,1624.99,0.36000000000000004,,,0.36600000000000005,-0.06,Exit Condition Met For Trade
111.1,2025-04-21,Monday,13:30:00,2.77,0.1,CE,1660.0,Sell,2025-04-21,Monday,17:25:00,0.01,0.276,99.63898916967509,2025-04-21,,,Exit Condition Met For Trade
111.2,2025-04-21,Monday,13:30:00,0.91,0.1,PE,1620.0,Sell,2025-04-21,Monday,17:25:00,0.13,0.07800000000000001,85.71428571428571,2025-04-21,,,Exit Condition Met For Trade
112,2025-04-22,,13:30:00,1619.22,,,,,2025-04-22,,17:25:00,1629.15,0.53,,,0.53,-0.08100000000000007,Exit Condition Met For Trade
112.1,2025-04-22,Tuesday,13:30:00,2.03,0.1,CE,1640.0,Sell,2025-04-22,Tuesday,17:25:00,0.05,0.19799999999999998,97.53694581280787,2025-04-22,,,Exit Condition Met For Trade
112.2,2025-04-22,Tuesday,13:30:00,3.28,0.1,PE,1600.0,Sell,2025-04-22,Tuesday,17:25:00,0.01,0.327,99.69512195121952,2025-04-22,,,Exit Condition Met For Trade
113,2025-04-23,,13:30:00,1792.14,,,,,2025-04-23,,17:25:00,1795.2,0.76,,,0.76,-0.09600000000000009,Exit Condition Met For Trade
113.1,2025-04-23,Wednesday,13:30:00,2.21,0.1,CE,1820.0,Sell,2025-04-23,Wednesday,17:25:00,0.01,0.22000000000000003,99.54751131221721,2025-04-23,,,Exit Condition Met For Trade
113.2,2025-04-23,Wednesday,13:30:00,5.4,0.1,PE,1780.0,Sell,2025-04-23,Wednesday,17:25:00,0.01,0.539,99.81481481481481,2025-04-23,,,Exit Condition Met For Trade
114,2025-04-24,,13:30:00,1756.22,,,,,2025-04-24,,17:25:00,1752.58,0.51,,,0.52,-1.2930000000000001,Exit Condition Met For Trade
114.1,2025-04-24,Thursday,13:30:00,1.46,0.1,CE,1780.0,Sell,2025-04-24,Thursday,17:25:00,0.01,0.145,99.31506849315069,2025-04-24,,,Exit Condition Met For Trade
114.2,2025-04-24,Thursday,13:30:00,3.84,0.1,PE,1740.0,Sell,2025-04-24,Thursday,17:25:00,0.17,0.367,95.57291666666667,2025-04-24,,,Exit Condition Met For Trade
115,2025-04-25,,13:30:00,1777.25,,,,,2025-04-25,,17:25:00,1784.4,0.59,,,0.5960000000000001,-0.06399999999999983,Exit Condition Met For Trade
115.1,2025-04-25,Friday,13:30:00,2.93,0.1,CE,1800.0,Sell,2025-04-25,Friday,17:25:00,0.01,0.29200000000000004,99.65870307167236,2025-04-25,,,Exit Condition Met For Trade
115.2,2025-04-25,Friday,13:30:00,3.05,0.1,PE,1760.0,Sell,2025-04-25,Friday,17:25:00,0.01,0.30400000000000005,99.672131147541,2025-04-25,,,Exit Condition Met For Trade
116,2025-04-26,,13:30:00,1800.32,,,,,2025-04-26,,17:25:00,1784.59,0.27,,,0.274,-1.645,Exit Condition Met For Trade
116.1,2025-04-26,Saturday,13:30:00,2.02,0.1,CE,1820.0,Sell,2025-04-26,Saturday,17:25:00,0.01,0.20100000000000004,99.50495049504951,2025-04-26,,,Exit Condition Met For Trade
116.2,2025-04-26,Saturday,13:30:00,0.74,0.1,PE,1780.0,Sell,2025-04-26,Saturday,17:25:00,0.01,0.073,98.64864864864865,2025-04-26,,,Exit Condition Met For Trade
117,2025-04-27,,13:30:00,1803.85,,,,,2025-04-27,,17:25:00,1807.98,0.47,,,0.47,-0.18500000000000005,Exit Condition Met For Trade
117.1,2025-04-27,Sunday,13:30:00,3.03,0.1,CE,1820.0,Sell,2025-04-27,Sunday,17:25:00,0.01,0.30200000000000005,99.66996699669967,2025-04-27,,,Exit Condition Met For Trade
117.2,2025-04-27,Sunday,13:30:00,1.67,0.1,PE,1780.0,Sell,2025-04-27,Sunday,17:25:00,0.01,0.166,99.40119760479043,2025-04-27,,,Exit Condition Met For Trade
118,2025-04-28,,13:30:00,1804.8,,,,,2025-04-28,,17:25:00,1817.01,0.41000000000000003,,,0.427,-0.08800000000000008,Exit Condition Met For Trade
118.1,2025-04-28,Monday,13:30:00,3.52,0.1,CE,1820.0,Sell,2025-04-28,Monday,17:25:00,0.93,0.259,73.57954545454545,2025-04-28,,,Exit Condition Met For Trade
118.2,2025-04-28,Monday,13:30:00,1.5,0.1,PE,1780.0,Sell,2025-04-28,Monday,17:25:00,0.01,0.149,99.33333333333333,2025-04-28,,,Exit Condition Met For Trade
119,2025-04-29,,13:30:00,1821.6,,,,,2025-04-29,,17:25:00,1828.91,0.43000000000000005,,,0.43000000000000005,-0.2690000000000001,Exit Condition Met For Trade
119.1,2025-04-29,Tuesday,13:30:00,2.82,0.1,CE,1840.0,Sell,2025-04-29,Tuesday,17:25:00,0.02,0.27999999999999997,99.29078014184398,2025-04-29,,,Exit Condition Met For Trade
119.2,2025-04-29,Tuesday,13:30:00,1.5,0.1,PE,1800.0,Sell,2025-04-29,Tuesday,17:25:00,0.01,0.149,99.33333333333333,2025-04-29,,,Exit Condition Met For Trade
120,2025-04-30,,13:30:00,1796.56,,,,,2025-04-30,,17:25:00,1813.97,0.31000000000000005,,,0.31000000000000005,-0.007000000000000006,Exit Condition Met For Trade
120.1,2025-04-30,Wednesday,13:30:00,1.36,0.1,CE,1820.0,Sell,2025-04-30,Wednesday,17:25:00,0.01,0.135,99.26470588235293,2025-04-30,,,Exit Condition Met For Trade
120.2,2025-04-30,Wednesday,13:30:00,1.68,0.1,PE,1780.0,Sell,2025-04-30,Wednesday,17:25:00,0.01,0.167,99.40476190476191,2025-04-30,,,Exit Condition Met For Trade
121,2025-05-01,,13:30:00,1810.5,,,,,2025-05-01,,17:25:00,1845.03,0.02999999999999997,,,0.18100000000000005,-1.52,Exit Condition Met For Trade
121.1,2025-05-01,Thursday,13:30:00,0.55,0.1,CE,1840.0,Sell,2025-05-01,Thursday,17:25:00,3.34,-0.279,-507.27272727272725,2025-05-01,,,Exit Condition Met For Trade
121.2,2025-05-01,Thursday,13:30:00,3.06,0.1,PE,1800.0,Sell,2025-05-01,Thursday,17:25:00,0.01,0.30500000000000005,99.67320261437908,2025-05-01,,,Exit Condition Met For Trade
122,2025-05-02,,13:30:00,1816.27,,,,,2025-05-02,,17:25:00,1832.57,0.5599999999999999,,,0.5670000000000001,-0.03300000000000003,Exit Condition Met For Trade
122.1,2025-05-02,Friday,13:30:00,2.15,0.1,CE,1840.0,Sell,2025-05-02,Friday,17:25:00,0.03,0.21200000000000002,98.6046511627907,2025-05-02,,,Exit Condition Met For Trade
122.2,2025-05-02,Friday,13:30:00,3.54,0.1,PE,1800.0,Sell,2025-05-02,Friday,17:25:00,0.01,0.35300000000000004,99.71751412429379,2025-05-02,,,Exit Condition Met For Trade
123,2025-05-03,,13:30:00,1826.55,,,,,2025-05-03,,17:25:00,1824.48,0.18,,,0.18300000000000002,-0.024999999999999967,Exit Condition Met For Trade
123.1,2025-05-03,Saturday,13:30:00,1.55,0.1,CE,1840.0,Sell,2025-05-03,Saturday,17:25:00,0.01,0.15400000000000003,99.35483870967742,2025-05-03,,,Exit Condition Met For Trade
123.2,2025-05-03,Saturday,13:30:00,0.3,0.1,PE,1800.0,Sell,2025-05-03,Saturday,17:25:00,0.01,0.028999999999999998,96.66666666666666,2025-05-03,,,Exit Condition Met For Trade
124,2025-05-04,,13:30:00,1840.95,,,,,2025-05-04,,17:25:00,1827.92,0.13,,,0.13,-0.124,Exit Condition Met For Trade
124.1,2025-05-04,Sunday,13:30:00,0.97,0.1,CE,1860.0,Sell,2025-05-04,Sunday,17:25:00,0.01,0.096,98.96907216494846,2025-05-04,,,Exit Condition Met For Trade
124.2,2025-05-04,Sunday,13:30:00,0.32,0.1,PE,1820.0,Sell,2025-05-04,Sunday,17:25:00,0.01,0.031,96.875,2025-05-04,,,Exit Condition Met For Trade
125,2025-05-05,,13:30:00,1826.59,,,,,2025-05-05,,17:25:00,1805.6,0.33,,,0.35100000000000003,-0.02300000000000002,Exit Condition Met For Trade
125.1,2025-05-05,Monday,13:30:00,2.68,0.1,CE,1840.0,Sell,2025-05-05,Monday,17:25:00,0.01,0.26700000000000007,99.62686567164181,2025-05-05,,,Exit Condition Met For Trade
125.2,2025-05-05,Monday,13:30:00,0.85,0.1,PE,1800.0,Sell,2025-05-05,Monday,17:25:00,0.24,0.061,71.76470588235294,2025-05-05,,,Exit Condition Met For Trade
126,2025-05-06,,13:30:00,1805.99,,,,,2025-05-06,,17:25:00,1763.25,-0.45999999999999996,,,0.18000000000000002,-0.49700000000000005,Exit Condition Met For Trade
126.1,2025-05-06,Tuesday,13:30:00,1.58,0.1,CE,1820.0,Sell,2025-05-06,Tuesday,17:25:00,0.01,0.15700000000000003,99.36708860759494,2025-05-06,,,Exit Condition Met For Trade
126.2,2025-05-06,Tuesday,13:30:00,0.59,0.1,PE,1780.0,Sell,2025-05-06,Tuesday,17:25:00,6.81,-0.622,-1054.2372881355932,2025-05-06,,,Exit Condition Met For Trade
127,2025-05-07,,13:30:00,1838.18,,,,,2025-05-07,,17:25:00,1835.09,0.25,,,0.254,-0.0050000000000000044,Exit Condition Met For Trade
127.1,2025-05-07,Wednesday,13:30:00,1.24,0.1,CE,1860.0,Sell,2025-05-07,Wednesday,17:25:00,0.01,0.123,99.19354838709677,2025-05-07,,,Exit Condition Met For Trade
127.2,2025-05-07,Wednesday,13:30:00,1.32,0.1,PE,1820.0,Sell,2025-05-07,Wednesday,17:25:00,0.01,0.131,99.24242424242424,2025-05-07,,,Exit Condition Met For Trade
128,2025-05-08,,13:30:00,1928.47,,,,,2025-05-08,,17:25:00,1955.86,-0.29000000000000004,,,0.35,-1.5069999999999997,Exit Condition Met For Trade
128.1,2025-05-08,Thursday,13:30:00,6.53,0.1,CE,1940.0,Sell,2025-05-08,Thursday,17:25:00,11.86,-0.5329999999999999,-81.62327718223581,2025-05-08,,,Exit Condition Met For Trade
128.2,2025-05-08,Thursday,13:30:00,2.38,0.1,PE,1900.0,Sell,2025-05-08,Thursday,17:25:00,0.01,0.23700000000000002,99.57983193277312,2025-05-08,,,Exit Condition Met For Trade
129,2025-05-09,,13:30:00,2364.33,,,,,2025-05-09,,17:25:00,2345.49,2.27,,,2.27,-7.82,Exit Condition Met For Trade
129.1,2025-05-09,Friday,13:30:00,13.39,0.1,CE,2380.0,Sell,2025-05-09,Friday,17:25:00,0.04,1.3350000000000002,99.70126960418224,2025-05-09,,,Exit Condition Met For Trade
129.2,2025-05-09,Friday,13:30:00,9.33,0.1,PE,2340.0,Sell,2025-05-09,Friday,17:25:00,0.02,0.931,99.78563772775992,2025-05-09,,,Exit Condition Met For Trade
130,2025-05-10,,13:30:00,2399.91,,,,,2025-05-10,,17:25:00,2388.68,0.9199999999999999,,,0.9440000000000001,-1.1910000000000003,Exit Condition Met For Trade
130.1,2025-05-10,Saturday,13:30:00,4.12,0.1,CE,2420.0,Sell,2025-05-10,Saturday,17:25:00,0.01,0.41100000000000003,99.75728155339807,2025-05-10,,,Exit Condition Met For Trade
130.2,2025-05-10,Saturday,13:30:00,5.35,0.1,PE,2380.0,Sell,2025-05-10,Saturday,17:25:00,0.28,0.507,94.76635514018692,2025-05-10,,,Exit Condition Met For Trade
131,2025-05-11,,13:30:00,2473.28,,,,,2025-05-11,,17:25:00,2524.99,-0.27,,,0.6719999999999999,-0.9430000000000003,Exit Condition Met For Trade
131.1,2025-05-11,Sunday,13:30:00,6.41,0.1,CE,2500.0,Sell,2025-05-11,Sunday,17:25:00,19.61,-1.32,-205.92823712948518,2025-05-11,,,Exit Condition Met For Trade
131.2,2025-05-11,Sunday,13:30:00,10.46,0.1,PE,2460.0,Sell,2025-05-11,Sunday,17:25:00,0.01,1.0450000000000002,99.90439770554492,2025-05-11,,,Exit Condition Met For Trade
132,2025-05-12,,13:30:00,2554.71,,,,,2025-05-12,,17:25:00,2533.63,2.2,,,2.2020000000000004,-0.18199999999999994,Exit Condition Met For Trade
132.1,2025-05-12,Monday,13:30:00,9.49,0.1,CE,2580.0,Sell,2025-05-12,Monday,17:25:00,0.01,0.9480000000000001,99.89462592202318,2025-05-12,,,Exit Condition Met For Trade
132.2,2025-05-12,Monday,13:30:00,12.55,0.1,PE,2540.0,Sell,2025-05-12,Monday,17:25:00,0.01,1.2540000000000002,99.92031872509959,2025-05-12,,,Exit Condition Met For Trade
133,2025-05-13,,13:30:00,2461.03,,,,,2025-05-13,,17:25:00,2510.13,-2.2800000000000002,,,0.4580000000000001,-2.873,Exit Condition Met For Trade
133.1,2025-05-13,Tuesday,13:30:00,4.32,0.1,CE,2480.0,Sell,2025-05-13,Tuesday,17:25:00,31.1,-2.6780000000000004,-619.9074074074074,2025-05-13,,,Exit Condition Met For Trade
133.2,2025-05-13,Tuesday,13:30:00,4.05,0.1,PE,2440.0,Sell,2025-05-13,Tuesday,17:25:00,0.01,0.404,99.75308641975309,2025-05-13,,,Exit Condition Met For Trade
134,2025-05-14,,13:30:00,2640.47,,,,,2025-05-14,,17:25:00,2621.24,1.35,,,1.35,-2.685,Exit Condition Met For Trade
134.1,2025-05-14,Wednesday,13:30:00,6.97,0.1,CE,2660.0,Sell,2025-05-14,Wednesday,17:25:00,0.01,0.6960000000000001,99.85652797704448,2025-05-14,,,Exit Condition Met For Trade
134.2,2025-05-14,Wednesday,13:30:00,6.74,0.1,PE,2620.0,Sell,2025-05-14,Wednesday,17:25:00,0.22,0.6520000000000001,96.73590504451039,2025-05-14,,,Exit Condition Met For Trade
135,2025-05-15,,13:30:00,2530.79,,,,,2025-05-15,,17:25:00,2552.81,1.3199999999999998,,,1.3199999999999998,-0.2759999999999998,Exit Condition Met For Trade
135.1,2025-05-15,Thursday,13:30:00,3.77,0.1,CE,2560.0,Sell,2025-05-15,Thursday,17:25:00,0.08,0.369,97.87798408488064,2025-05-15,,,Exit Condition Met For Trade
135.2,2025-05-15,Thursday,13:30:00,9.48,0.1,PE,2520.0,Sell,2025-05-15,Thursday,17:25:00,0.01,0.9470000000000001,99.89451476793249,2025-05-15,,,Exit Condition Met For Trade
136,2025-05-16,,13:30:00,2601.29,,,,,2025-05-16,,17:25:00,2622.12,1.1300000000000001,,,1.1300000000000001,-1.0,Exit Condition Met For Trade
136.1,2025-05-16,Friday,13:30:00,10.45,0.1,CE,2620.0,Sell,2025-05-16,Friday,17:25:00,3.71,0.6739999999999999,64.49760765550239,2025-05-16,,,Exit Condition Met For Trade
136.2,2025-05-16,Friday,13:30:00,4.63,0.1,PE,2580.0,Sell,2025-05-16,Friday,17:25:00,0.01,0.462,99.78401727861771,2025-05-16,,,Exit Condition Met For Trade
137,2025-05-17,,13:30:00,2492.86,,,,,2025-05-17,,17:25:00,2484.0,0.8699999999999999,,,0.8699999999999999,-0.678,Exit Condition Met For Trade
137.1,2025-05-17,Saturday,13:30:00,2.87,0.1,CE,2520.0,Sell,2025-05-17,Saturday,17:25:00,0.01,0.28600000000000003,99.65156794425089,2025-05-17,,,Exit Condition Met For Trade
137.2,2025-05-17,Saturday,13:30:00,5.86,0.1,PE,2480.0,Sell,2025-05-17,Saturday,17:25:00,0.11,0.5750000000000001,98.12286689419794,2025-05-17,,,Exit Condition Met For Trade
138,2025-05-18,,13:30:00,2509.59,,,,,2025-05-18,,17:25:00,2501.2,0.65,,,0.656,-0.683,Exit Condition Met For Trade
138.1,2025-05-18,Sunday,13:30:00,5.44,0.1,CE,2520.0,Sell,2025-05-18,Sunday,17:25:00,0.02,0.5420000000000001,99.63235294117648,2025-05-18,,,Exit Condition Met For Trade
138.2,2025-05-18,Sunday,13:30:00,1.15,0.1,PE,2480.0,Sell,2025-05-18,Sunday,17:25:00,0.01,0.11399999999999999,99.13043478260869,2025-05-18,,,Exit Condition Met For Trade
139,2025-05-19,,13:30:00,2403.82,,,,,2025-05-19,,17:25:00,2419.18,1.65,,,1.6540000000000001,-0.27,Exit Condition Met For Trade
139.1,2025-05-19,Monday,13:30:00,9.74,0.1,CE,2420.0,Sell,2025-05-19,Monday,17:25:00,0.01,0.9730000000000001,99.89733059548254,2025-05-19,,,Exit Condition Met For Trade
139.2,2025-05-19,Monday,13:30:00,6.82,0.1,PE,2380.0,Sell,2025-05-19,Monday,17:25:00,0.01,0.681,99.85337243401759,2025-05-19,,,Exit Condition Met For Trade
140,2025-05-20,,13:30:00,2532.23,,,,,2025-05-20,,17:25:00,2511.86,0.49,,,0.629,-1.3829999999999998,Exit Condition Met For Trade
140.1,2025-05-20,Tuesday,13:30:00,3.69,0.1,CE,2560.0,Sell,2025-05-20,Tuesday,17:25:00,0.01,0.36800000000000005,99.7289972899729,2025-05-20,,,Exit Condition Met For Trade
140.2,2025-05-20,Tuesday,13:30:00,7.82,0.1,PE,2520.0,Sell,2025-05-20,Tuesday,17:25:00,6.61,0.121,15.47314578005115,2025-05-20,,,Exit Condition Met For Trade
141,2025-05-21,,13:30:00,2551.77,,,,,2025-05-21,,17:25:00,2537.73,1.3599999999999999,,,1.362,-1.1600000000000004,Exit Condition Met For Trade
141.1,2025-05-21,Wednesday,13:30:00,4.78,0.1,CE,2580.0,Sell,2025-05-21,Wednesday,17:25:00,0.01,0.4770000000000001,99.79079497907951,2025-05-21,,,Exit Condition Met For Trade
141.2,2025-05-21,Wednesday,13:30:00,8.86,0.1,PE,2540.0,Sell,2025-05-21,Wednesday,17:25:00,0.01,0.885,99.88713318284425,2025-05-21,,,Exit Condition Met For Trade
142,2025-05-22,,13:30:00,2635.28,,,,,2025-05-22,,17:25:00,2659.4,1.92,,,1.92,-1.7339999999999998,Exit Condition Met For Trade
142.1,2025-05-22,Thursday,13:30:00,7.86,0.1,CE,2660.0,Sell,2025-05-22,Thursday,17:25:00,0.01,0.7850000000000001,99.87277353689566,2025-05-22,,,Exit Condition Met For Trade
142.2,2025-05-22,Thursday,13:30:00,11.3,0.1,PE,2620.0,Sell,2025-05-22,Thursday,17:25:00,0.01,1.1290000000000002,99.91150442477876,2025-05-22,,,Exit Condition Met For Trade
143,2025-05-23,,13:30:00,2655.43,,,,,2025-05-23,,17:25:00,2577.21,-1.1,,,1.615,-1.3130000000000002,Exit Condition Met For Trade
143.1,2025-05-23,Friday,13:30:00,5.74,0.1,CE,2680.0,Sell,2025-05-23,Friday,17:25:00,0.01,0.5730000000000001,99.82578397212544,2025-05-23,,,Exit Condition Met For Trade
143.2,2025-05-23,Friday,13:30:00,12.44,0.1,PE,2650.0,Sell,2025-05-23,Friday,17:25:00,29.15,-1.6710000000000003,-134.32475884244374,2025-05-23,,,Exit Condition Met For Trade
144,2025-05-24,,13:30:00,2547.14,,,,,2025-05-24,,17:25:00,2565.12,-0.020000000000000018,,,0.20699999999999996,-1.031,Exit Condition Met For Trade
144.1,2025-05-24,Saturday,13:30:00,5.84,0.1,CE,2560.0,Sell,2025-05-24,Saturday,17:25:00,7.55,-0.171,-29.28082191780822,2025-05-24,,,Exit Condition Met For Trade
144.2,2025-05-24,Saturday,13:30:00,1.54,0.1,PE,2520.0,Sell,2025-05-24,Saturday,17:25:00,0.01,0.15300000000000002,99.35064935064935,2025-05-24,,,Exit Condition Met For Trade
145,2025-05-25,,13:30:00,2494.52,,,,,2025-05-25,,17:25:00,2495.76,0.67,,,0.67,-0.8740000000000001,Exit Condition Met For Trade
145.1,2025-05-25,Sunday,13:30:00,2.33,0.1,CE,2520.0,Sell,2025-05-25,Sunday,17:25:00,0.01,0.23200000000000004,99.57081545064379,2025-05-25,,,Exit Condition Met For Trade
145.2,2025-05-25,Sunday,13:30:00,4.4,0.1,PE,2480.0,Sell,2025-05-25,Sunday,17:25:00,0.02,0.4380000000000001,99.54545454545455,2025-05-25,,,Exit Condition Met For Trade
146,2025-05-26,,13:30:00,2580.84,,,,,2025-05-26,,17:25:00,2565.2,0.9099999999999999,,,0.9099999999999999,-0.18199999999999994,Exit Condition Met For Trade
146.1,2025-05-26,Monday,13:30:00,4.8,0.1,CE,2600.0,Sell,2025-05-26,Monday,17:25:00,0.01,0.47900000000000004,99.79166666666667,2025-05-26,,,Exit Condition Met For Trade
146.2,2025-05-26,Monday,13:30:00,4.29,0.1,PE,2560.0,Sell,2025-05-26,Monday,17:25:00,0.04,0.42500000000000004,99.06759906759906,2025-05-26,,,Exit Condition Met For Trade
147,2025-05-27,,13:30:00,2607.59,,,,,2025-05-27,,17:25:00,2647.25,-1.23,,,0,-1.5110000000000001,Exit Condition Met For Trade
147.1,2025-05-27,Tuesday,13:30:00,7.79,0.1,CE,2620.0,Sell,2025-05-27,Tuesday,17:25:00,23.16,-1.5370000000000001,-197.30423620025672,2025-05-27,,,Exit Condition Met For Trade
147.2,2025-05-27,Tuesday,13:30:00,3.12,0.1,PE,2580.0,Sell,2025-05-27,Tuesday,17:25:00,0.01,0.31100000000000005,99.6794871794872,2025-05-27,,,Exit Condition Met For Trade
148,2025-05-28,,13:30:00,2636.43,,,,,2025-05-28,,17:25:00,2656.12,0.8200000000000001,,,0.8200000000000001,-0.22399999999999998,Exit Condition Met For Trade
148.1,2025-05-28,Wednesday,13:30:00,3.62,0.1,CE,2660.0,Sell,2025-05-28,Wednesday,17:25:00,0.01,0.36100000000000004,99.72375690607736,2025-05-28,,,Exit Condition Met For Trade
148.2,2025-05-28,Wednesday,13:30:00,4.57,0.1,PE,2620.0,Sell,2025-05-28,Wednesday,17:25:00,0.01,0.45600000000000007,99.78118161925602,2025-05-28,,,Exit Condition Met For Trade
149,2025-05-29,,13:30:00,2731.37,,,,,2025-05-29,,17:25:00,2714.82,1.42,,,1.483,-0.569,Exit Condition Met For Trade
149.1,2025-05-29,Thursday,13:30:00,5.51,0.1,CE,2760.0,Sell,2025-05-29,Thursday,17:25:00,0.01,0.55,99.81851179673322,2025-05-29,,,Exit Condition Met For Trade
149.2,2025-05-29,Thursday,13:30:00,9.93,0.1,PE,2720.0,Sell,2025-05-29,Thursday,17:25:00,1.27,0.8660000000000001,87.21047331319235,2025-05-29,,,Exit Condition Met For Trade
150,2025-05-30,,13:30:00,2618.47,,,,,2025-05-30,,17:25:00,2622.1,1.13,,,1.1330000000000002,-0.7050000000000001,Exit Condition Met For Trade
150.1,2025-05-30,Friday,13:30:00,4.93,0.1,CE,2640.0,Sell,2025-05-30,Friday,17:25:00,0.01,0.492,99.79716024340772,2025-05-30,,,Exit Condition Met For Trade
150.2,2025-05-30,Friday,13:30:00,6.43,0.1,PE,2600.0,Sell,2025-05-30,Friday,17:25:00,0.01,0.642,99.84447900466563,2025-05-30,,,Exit Condition Met For Trade
151,2025-05-31,,13:30:00,2521.21,,,,,2025-05-31,,17:25:00,2519.96,0.6699999999999999,,,0.6699999999999999,-0.04599999999999993,Exit Condition Met For Trade
151.1,2025-05-31,Saturday,13:30:00,3.48,0.1,CE,2540.0,Sell,2025-05-31,Saturday,17:25:00,0.01,0.34700000000000003,99.71264367816092,2025-05-31,,,Exit Condition Met For Trade
151.2,2025-05-31,Saturday,13:30:00,3.19,0.1,PE,2500.0,Sell,2025-05-31,Saturday,17:25:00,0.01,0.31800000000000006,99.68652037617555,2025-05-31,,,Exit Condition Met For Trade
152,2025-06-01,,13:30:00,2508.87,,,,,2025-06-01,,17:25:00,2498.6,0.72,,,0.72,-0.2849999999999999,Exit Condition Met For Trade
152.1,2025-06-01,Sunday,13:30:00,4.83,0.1,CE,2520.0,Sell,2025-06-01,Sunday,17:25:00,0.01,0.48200000000000004,99.79296066252587,2025-06-01,,,Exit Condition Met For Trade
152.2,2025-06-01,Sunday,13:30:00,2.38,0.1,PE,2480.0,Sell,2025-06-01,Sunday,17:25:00,0.01,0.23700000000000002,99.57983193277312,2025-06-01,,,Exit Condition Met For Trade
153,2025-06-02,,13:30:00,2506.93,,,,,2025-06-02,,17:25:00,2482.53,1.0,,,1.0010000000000001,-0.16000000000000014,Exit Condition Met For Trade
153.1,2025-06-02,Monday,13:30:00,6.74,0.1,CE,2520.0,Sell,2025-06-02,Monday,17:25:00,0.01,0.673,99.85163204747774,2025-06-02,,,Exit Condition Met For Trade
153.2,2025-06-02,Monday,13:30:00,3.34,0.1,PE,2480.0,Sell,2025-06-02,Monday,17:25:00,0.08,0.326,97.60479041916167,2025-06-02,,,Exit Condition Met For Trade
154,2025-06-03,,13:30:00,2609.94,,,,,2025-06-03,,17:25:00,2603.53,1.05,,,1.05,-0.01200000000000001,Exit Condition Met For Trade
154.1,2025-06-03,Tuesday,13:30:00,8.09,0.1,CE,2620.0,Sell,2025-06-03,Tuesday,17:25:00,0.04,0.8050000000000002,99.50556242274415,2025-06-03,,,Exit Condition Met For Trade
154.2,2025-06-03,Tuesday,13:30:00,2.42,0.1,PE,2580.0,Sell,2025-06-03,Tuesday,17:25:00,0.01,0.24100000000000002,99.58677685950414,2025-06-03,,,Exit Condition Met For Trade
155,2025-06-04,,13:30:00,2627.67,,,,,2025-06-04,,17:25:00,2628.36,0.79,,,0.79,-0.5510000000000003,Exit Condition Met For Trade
155.1,2025-06-04,Wednesday,13:30:00,5.6,0.1,CE,2640.0,Sell,2025-06-04,Wednesday,17:25:00,0.03,0.5569999999999999,99.4642857142857,2025-06-04,,,Exit Condition Met For Trade
155.2,2025-06-04,Wednesday,13:30:00,2.34,0.1,PE,2600.0,Sell,2025-06-04,Wednesday,17:25:00,0.01,0.233,99.57264957264958,2025-06-04,,,Exit Condition Met For Trade
156,2025-06-05,,13:30:00,2604.27,,,,,2025-06-05,,17:25:00,2607.91,0.7,,,0.7020000000000001,-0.09699999999999998,Exit Condition Met For Trade
156.1,2025-06-05,Thursday,13:30:00,3.54,0.1,CE,2620.0,Sell,2025-06-05,Thursday,17:25:00,0.01,0.35300000000000004,99.71751412429379,2025-06-05,,,Exit Condition Met For Trade
156.2,2025-06-05,Thursday,13:30:00,3.5,0.1,PE,2580.0,Sell,2025-06-05,Thursday,17:25:00,0.01,0.34900000000000003,99.71428571428571,2025-06-05,,,Exit Condition Met For Trade
157,2025-06-06,,13:30:00,2455.63,,,,,2025-06-06,,17:25:00,2477.52,1.03,,,1.03,-0.18300000000000005,Exit Condition Met For Trade
157.1,2025-06-06,Friday,13:30:00,2.7,0.1,CE,2480.0,Sell,2025-06-06,Friday,17:25:00,0.25,0.24500000000000002,90.74074074074075,2025-06-06,,,Exit Condition Met For Trade
157.2,2025-06-06,Friday,13:30:00,7.82,0.1,PE,2450.0,Sell,2025-06-06,Friday,17:25:00,0.01,0.7810000000000001,99.87212276214834,2025-06-06,,,Exit Condition Met For Trade
158,2025-06-07,,13:30:00,2491.4,,,,,2025-06-07,,17:25:00,2494.84,0.49,,,0.49,-0.09799999999999992,Exit Condition Met For Trade
158.1,2025-06-07,Saturday,13:30:00,1.18,0.1,CE,2520.0,Sell,2025-06-07,Saturday,17:25:00,0.01,0.11699999999999999,99.15254237288136,2025-06-07,,,Exit Condition Met For Trade
158.2,2025-06-07,Saturday,13:30:00,3.7,0.1,PE,2480.0,Sell,2025-06-07,Saturday,17:25:00,0.01,0.36900000000000005,99.72972972972974,2025-06-07,,,Exit Condition Met For Trade
159,2025-06-08,,13:30:00,2514.66,,,,,2025-06-08,,17:25:00,2514.38,0.31,,,0.313,-0.6680000000000001,Exit Condition Met For Trade
159.1,2025-06-08,Sunday,13:30:00,0.83,0.1,CE,2540.0,Sell,2025-06-08,Sunday,17:25:00,0.01,0.082,98.79518072289157,2025-06-08,,,Exit Condition Met For Trade
159.2,2025-06-08,Sunday,13:30:00,2.33,0.1,PE,2500.0,Sell,2025-06-08,Sunday,17:25:00,0.01,0.23200000000000004,99.57081545064379,2025-06-08,,,Exit Condition Met For Trade
160,2025-06-09,,13:30:00,2492.01,,,,,2025-06-09,,17:25:00,2539.64,-1.2799999999999998,,,0.513,-1.5699999999999998,Exit Condition Met For Trade
160.1,2025-06-09,Monday,13:30:00,2.04,0.1,CE,2520.0,Sell,2025-06-09,Monday,17:25:00,20.8,-1.8760000000000003,-919.607843137255,2025-06-09,,,Exit Condition Met For Trade
160.2,2025-06-09,Monday,13:30:00,5.98,0.1,PE,2480.0,Sell,2025-06-09,Monday,17:25:00,0.01,0.5970000000000001,99.83277591973246,2025-06-09,,,Exit Condition Met For Trade
161,2025-06-10,,13:30:00,2677.12,,,,,2025-06-10,,17:25:00,2769.5,-6.1000000000000005,,,0.9369999999999999,-6.458,Exit Condition Met For Trade
161.1,2025-06-10,Tuesday,13:30:00,4.88,0.1,CE,2700.0,Sell,2025-06-10,Tuesday,17:25:00,72.16,-6.728000000000001,-1378.688524590164,2025-06-10,,,Exit Condition Met For Trade
161.2,2025-06-10,Tuesday,13:30:00,6.29,0.1,PE,2660.0,Sell,2025-06-10,Tuesday,17:25:00,0.01,0.6280000000000001,99.84101748807632,2025-06-10,,,Exit Condition Met For Trade
162,2025-06-11,,13:30:00,2791.65,,,,,2025-06-11,,17:25:00,2771.53,0.22999999999999993,,,0.5430000000000003,-1.3099999999999996,Exit Condition Met For Trade
162.1,2025-06-11,Wednesday,13:30:00,6.88,0.1,CE,2820.0,Sell,2025-06-11,Wednesday,17:25:00,0.01,0.687,99.8546511627907,2025-06-11,,,Exit Condition Met For Trade
162.2,2025-06-11,Wednesday,13:30:00,8.13,0.1,PE,2780.0,Sell,2025-06-11,Wednesday,17:25:00,12.76,-0.4629999999999999,-56.94956949569494,2025-06-11,,,Exit Condition Met For Trade
163,2025-06-12,,13:30:00,2740.83,,,,,2025-06-12,,17:25:00,2731.31,1.21,,,1.213,-0.12199999999999989,Exit Condition Met For Trade
163.1,2025-06-12,Thursday,13:30:00,6.61,0.1,CE,2760.0,Sell,2025-06-12,Thursday,17:25:00,0.01,0.6600000000000001,99.84871406959152,2025-06-12,,,Exit Condition Met For Trade
163.2,2025-06-12,Thursday,13:30:00,5.56,0.1,PE,2720.0,Sell,2025-06-12,Thursday,17:25:00,0.02,0.554,99.64028776978418,2025-06-12,,,Exit Condition Met For Trade
164,2025-06-13,,13:30:00,2526.55,,,,,2025-06-13,,17:25:00,2541.16,1.8399999999999999,,,1.8399999999999999,-0.1260000000000001,Exit Condition Met For Trade
164.1,2025-06-13,Friday,13:30:00,11.3,0.1,CE,2540.0,Sell,2025-06-13,Friday,17:25:00,0.01,1.1290000000000002,99.91150442477876,2025-06-13,,,Exit Condition Met For Trade
164.2,2025-06-13,Friday,13:30:00,7.1,0.1,PE,2500.0,Sell,2025-06-13,Friday,17:25:00,0.01,0.7090000000000001,99.85915492957747,2025-06-13,,,Exit Condition Met For Trade
165,2025-06-14,,13:30:00,2537.19,,,,,2025-06-14,,17:25:00,2537.3,0.6,,,0.6080000000000001,-0.19399999999999995,Exit Condition Met For Trade
165.1,2025-06-14,Saturday,13:30:00,2.24,0.1,CE,2560.0,Sell,2025-06-14,Saturday,17:25:00,0.01,0.22300000000000006,99.55357142857144,2025-06-14,,,Exit Condition Met For Trade
165.2,2025-06-14,Saturday,13:30:00,3.86,0.1,PE,2520.0,Sell,2025-06-14,Saturday,17:25:00,0.01,0.385,99.74093264248705,2025-06-14,,,Exit Condition Met For Trade
166,2025-06-15,,13:30:00,2528.63,,,,,2025-06-15,,17:25:00,2518.85,0.81,,,0.81,-0.10299999999999987,Exit Condition Met For Trade
166.1,2025-06-15,Sunday,13:30:00,4.58,0.1,CE,2540.0,Sell,2025-06-15,Sunday,17:25:00,0.01,0.4570000000000001,99.78165938864629,2025-06-15,,,Exit Condition Met For Trade
166.2,2025-06-15,Sunday,13:30:00,3.52,0.1,PE,2500.0,Sell,2025-06-15,Sunday,17:25:00,0.03,0.34900000000000003,99.14772727272727,2025-06-15,,,Exit Condition Met For Trade
167,2025-06-16,,13:30:00,2628.8,,,,,2025-06-16,,17:25:00,2616.2,1.01,,,1.0110000000000001,-0.04400000000000004,Exit Condition Met For Trade
167.1,2025-06-16,Monday,13:30:00,7.87,0.1,CE,2640.0,Sell,2025-06-16,Monday,17:25:00,0.01,0.786,99.87293519695044,2025-06-16,,,Exit Condition Met For Trade
167.2,2025-06-16,Monday,13:30:00,2.41,0.1,PE,2600.0,Sell,2025-06-16,Monday,17:25:00,0.16,0.225,93.3609958506224,2025-06-16,,,Exit Condition Met For Trade
168,2025-06-17,,13:30:00,2582.18,,,,,2025-06-17,,17:25:00,2548.91,-0.4,,,0.361,-0.688,Exit Condition Met For Trade
168.1,2025-06-17,Tuesday,13:30:00,5.16,0.1,CE,2600.0,Sell,2025-06-17,Tuesday,17:25:00,0.01,0.515,99.8062015503876,2025-06-17,,,Exit Condition Met For Trade
168.2,2025-06-17,Tuesday,13:30:00,4.58,0.1,PE,2560.0,Sell,2025-06-17,Tuesday,17:25:00,13.77,-0.919,-200.65502183406113,2025-06-17,,,Exit Condition Met For Trade
169,2025-06-18,,13:30:00,2533.74,,,,,2025-06-18,,17:25:00,2512.09,-0.43000000000000005,,,0.392,-1.964,Exit Condition Met For Trade
169.1,2025-06-18,Wednesday,13:30:00,2.51,0.1,CE,2560.0,Sell,2025-06-18,Wednesday,17:25:00,0.01,0.25,99.60159362549801,2025-06-18,,,Exit Condition Met For Trade
169.2,2025-06-18,Wednesday,13:30:00,5.15,0.1,PE,2520.0,Sell,2025-06-18,Wednesday,17:25:00,11.96,-0.681,-132.23300970873785,2025-06-18,,,Exit Condition Met For Trade
170,2025-06-19,,13:30:00,2518.77,,,,,2025-06-19,,17:25:00,2533.01,0.5800000000000001,,,0.5800000000000001,-0.28,Exit Condition Met For Trade
170.1,2025-06-19,Thursday,13:30:00,2.38,0.1,CE,2540.0,Sell,2025-06-19,Thursday,17:25:00,0.01,0.23700000000000002,99.57983193277312,2025-06-19,,,Exit Condition Met For Trade
170.2,2025-06-19,Thursday,13:30:00,3.43,0.1,PE,2500.0,Sell,2025-06-19,Thursday,17:25:00,0.01,0.3420000000000001,99.70845481049564,2025-06-19,,,Exit Condition Met For Trade
171,2025-06-20,,13:30:00,2549.77,,,,,2025-06-20,,17:25:00,2551.41,1.1400000000000001,,,1.1400000000000001,-0.653,Exit Condition Met For Trade
171.1,2025-06-20,Friday,13:30:00,5.87,0.1,CE,2560.0,Sell,2025-06-20,Friday,17:25:00,0.01,0.5860000000000001,99.82964224872231,2025-06-20,,,Exit Condition Met For Trade
171.2,2025-06-20,Friday,13:30:00,5.56,0.1,PE,2540.0,Sell,2025-06-20,Friday,17:25:00,0.08,0.5479999999999999,98.56115107913669,2025-06-20,,,Exit Condition Met For Trade
172,2025-06-21,,13:30:00,2426.92,,,,,2025-06-21,,17:25:00,2443.28,0.15,,,0.29200000000000004,-0.6449999999999999,Exit Condition Met For Trade
172.1,2025-06-21,Saturday,13:30:00,3.33,0.1,CE,2440.0,Sell,2025-06-21,Saturday,17:25:00,2.92,0.041000000000000016,12.312312312312317,2025-06-21,,,Exit Condition Met For Trade
172.2,2025-06-21,Saturday,13:30:00,1.11,0.1,PE,2400.0,Sell,2025-06-21,Saturday,17:25:00,0.01,0.11000000000000001,99.0990990990991,2025-06-21,,,Exit Condition Met For Trade
173,2025-06-22,,13:30:00,2270.87,,,,,2025-06-22,,17:25:00,2274.21,1.05,,,1.05,-1.1960000000000002,Exit Condition Met For Trade
173.1,2025-06-22,Sunday,13:30:00,3.35,0.1,CE,2300.0,Sell,2025-06-22,Sunday,17:25:00,0.01,0.3340000000000001,99.70149253731344,2025-06-22,,,Exit Condition Met For Trade
173.2,2025-06-22,Sunday,13:30:00,7.17,0.1,PE,2260.0,Sell,2025-06-22,Sunday,17:25:00,0.02,0.7150000000000001,99.721059972106,2025-06-22,,,Exit Condition Met For Trade
174,2025-06-23,,13:30:00,2258.68,,,,,2025-06-23,,17:25:00,2255.58,0.86,,,0.9020000000000001,-0.05899999999999994,Exit Condition Met For Trade
174.1,2025-06-23,Monday,13:30:00,4.49,0.1,CE,2280.0,Sell,2025-06-23,Monday,17:25:00,0.01,0.44800000000000006,99.77728285077951,2025-06-23,,,Exit Condition Met For Trade
174.2,2025-06-23,Monday,13:30:00,4.59,0.1,PE,2240.0,Sell,2025-06-23,Monday,17:25:00,0.5,0.40900000000000003,89.10675381263617,2025-06-23,,,Exit Condition Met For Trade
175,2025-06-24,,13:30:00,2393.09,,,,,2025-06-24,,17:25:00,2409.39,0.97,,,0.97,-1.191,Exit Condition Met For Trade
175.1,2025-06-24,Tuesday,13:30:00,3.12,0.1,CE,2420.0,Sell,2025-06-24,Tuesday,17:25:00,0.01,0.31100000000000005,99.6794871794872,2025-06-24,,,Exit Condition Met For Trade
175.2,2025-06-24,Tuesday,13:30:00,6.57,0.1,PE,2380.0,Sell,2025-06-24,Tuesday,17:25:00,0.01,0.6560000000000001,99.84779299847793,2025-06-24,,,Exit Condition Met For Trade
176,2025-06-25,,13:30:00,2444.56,,,,,2025-06-25,,17:25:00,2428.45,0.74,,,0.74,-0.546,Exit Condition Met For Trade
176.1,2025-06-25,Wednesday,13:30:00,4.37,0.1,CE,2460.0,Sell,2025-06-25,Wednesday,17:25:00,0.01,0.43600000000000005,99.77116704805493,2025-06-25,,,Exit Condition Met For Trade
176.2,2025-06-25,Wednesday,13:30:00,3.03,0.1,PE,2420.0,Sell,2025-06-25,Wednesday,17:25:00,0.05,0.298,98.34983498349835,2025-06-25,,,Exit Condition Met For Trade
177,2025-06-26,,13:30:00,2489.73,,,,,2025-06-26,,17:25:00,2451.22,-0.18000000000000005,,,0.674,-0.812,Exit Condition Met For Trade
177.1,2025-06-26,Thursday,13:30:00,8.62,0.1,CE,2500.0,Sell,2025-06-26,Thursday,17:25:00,0.01,0.861,99.88399071925755,2025-06-26,,,Exit Condition Met For Trade
177.2,2025-06-26,Thursday,13:30:00,1.84,0.1,PE,2460.0,Sell,2025-06-26,Thursday,17:25:00,12.2,-1.036,-563.0434782608695,2025-06-26,,,Exit Condition Met For Trade
178,2025-06-27,,13:30:00,2442.21,,,,,2025-06-27,,17:25:00,2444.02,0.83,,,0.8360000000000001,-0.6679999999999999,Exit Condition Met For Trade
178.1,2025-06-27,Friday,13:30:00,6.14,0.1,CE,2450.0,Sell,2025-06-27,Friday,17:25:00,0.06,0.6080000000000001,99.0228013029316,2025-06-27,,,Exit Condition Met For Trade
178.2,2025-06-27,Friday,13:30:00,2.24,0.1,PE,2420.0,Sell,2025-06-27,Friday,17:25:00,0.01,0.22300000000000006,99.55357142857144,2025-06-27,,,Exit Condition Met For Trade
179,2025-06-28,,13:30:00,2431.95,,,,,2025-06-28,,17:25:00,2428.61,0.29,,,0.29,-0.2890000000000001,Exit Condition Met For Trade
179.1,2025-06-28,Saturday,13:30:00,0.82,0.1,CE,2460.0,Sell,2025-06-28,Saturday,17:25:00,0.01,0.081,98.78048780487805,2025-06-28,,,Exit Condition Met For Trade
179.2,2025-06-28,Saturday,13:30:00,2.07,0.1,PE,2420.0,Sell,2025-06-28,Saturday,17:25:00,0.01,0.20600000000000002,99.5169082125604,2025-06-28,,,Exit Condition Met For Trade
180,2025-06-29,,13:30:00,2440.62,,,,,2025-06-29,,17:25:00,2460.91,0.19,,,0.199,-0.36900000000000005,Exit Condition Met For Trade
180.1,2025-06-29,Sunday,13:30:00,1.35,0.1,CE,2460.0,Sell,2025-06-29,Sunday,17:25:00,0.01,0.134,99.25925925925925,2025-06-29,,,Exit Condition Met For Trade
180.2,2025-06-29,Sunday,13:30:00,0.66,0.1,PE,2420.0,Sell,2025-06-29,Sunday,17:25:00,0.01,0.065,98.48484848484848,2025-06-29,,,Exit Condition Met For Trade
181,2025-06-30,,13:30:00,2480.56,,,,,2025-06-30,,17:25:00,2460.71,0.56,,,0.56,-0.905,Exit Condition Met For Trade
181.1,2025-06-30,Monday,13:30:00,3.17,0.1,CE,2500.0,Sell,2025-06-30,Monday,17:25:00,0.01,0.31600000000000006,99.6845425867508,2025-06-30,,,Exit Condition Met For Trade
181.2,2025-06-30,Monday,13:30:00,2.41,0.1,PE,2460.0,Sell,2025-06-30,Monday,17:25:00,0.01,0.24000000000000005,99.5850622406639,2025-06-30,,,Exit Condition Met For Trade
182,2025-07-01,,13:30:00,2465.32,,,,,2025-07-01,,17:25:00,2445.77,0.42,,,0.42,-0.09599999999999997,Exit Condition Met For Trade
182.1,2025-07-01,Tuesday,13:30:00,3.06,0.1,CE,2480.0,Sell,2025-07-01,Tuesday,17:25:00,0.01,0.30500000000000005,99.67320261437908,2025-07-01,,,Exit Condition Met For Trade
182.2,2025-07-01,Tuesday,13:30:00,1.14,0.1,PE,2440.0,Sell,2025-07-01,Tuesday,17:25:00,0.01,0.11299999999999999,99.12280701754385,2025-07-01,,,Exit Condition Met For Trade
183,2025-07-02,,13:30:00,2447.03,,,,,2025-07-02,,17:25:00,2443.38,0.59,,,0.59,-0.262,Exit Condition Met For Trade
183.1,2025-07-02,Wednesday,13:30:00,4.88,0.1,CE,2460.0,Sell,2025-07-02,Wednesday,17:25:00,0.01,0.48700000000000004,99.79508196721312,2025-07-02,,,Exit Condition Met For Trade
183.2,2025-07-02,Wednesday,13:30:00,0.99,0.1,PE,2420.0,Sell,2025-07-02,Wednesday,17:25:00,0.01,0.098,98.98989898989899,2025-07-02,,,Exit Condition Met For Trade
184,2025-07-03,,13:30:00,2600.2,,,,,2025-07-03,,17:25:00,2595.06,0.8600000000000001,,,0.8600000000000001,-0.14600000000000002,Exit Condition Met For Trade
184.1,2025-07-03,Thursday,13:30:00,5.57,0.1,CE,2620.0,Sell,2025-07-03,Thursday,17:25:00,0.01,0.556,99.82046678635547,2025-07-03,,,Exit Condition Met For Trade
184.2,2025-07-03,Thursday,13:30:00,3.04,0.1,PE,2580.0,Sell,2025-07-03,Thursday,17:25:00,0.04,0.30000000000000004,98.6842105263158,2025-07-03,,,Exit Condition Met For Trade
185,2025-07-04,,13:30:00,2535.06,,,,,2025-07-04,,17:25:00,2548.93,0.6,,,0.625,-0.3440000000000002,Exit Condition Met For Trade
185.1,2025-07-04,Friday,13:30:00,4.12,0.1,CE,2550.0,Sell,2025-07-04,Friday,17:25:00,3.28,0.08400000000000003,20.388349514563114,2025-07-04,,,Exit Condition Met For Trade
185.2,2025-07-04,Friday,13:30:00,5.2,0.1,PE,2520.0,Sell,2025-07-04,Friday,17:25:00,0.01,0.519,99.8076923076923,2025-07-04,,,Exit Condition Met For Trade
186,2025-07-05,,13:30:00,2521.38,,,,,2025-07-05,,17:25:00,2520.12,0.32999999999999996,,,0.32999999999999996,-0.15999999999999998,Exit Condition Met For Trade
186.1,2025-07-05,Saturday,13:30:00,2.08,0.1,CE,2540.0,Sell,2025-07-05,Saturday,17:25:00,0.01,0.20700000000000005,99.51923076923077,2025-07-05,,,Exit Condition Met For Trade
186.2,2025-07-05,Saturday,13:30:00,1.22,0.1,PE,2500.0,Sell,2025-07-05,Saturday,17:25:00,0.01,0.121,99.18032786885246,2025-07-05,,,Exit Condition Met For Trade
187,2025-07-06,,13:30:00,2517.86,,,,,2025-07-06,,17:25:00,2513.27,0.15000000000000002,,,0.15000000000000002,-0.16599999999999998,Exit Condition Met For Trade
187.1,2025-07-06,Sunday,13:30:00,0.77,0.1,CE,2540.0,Sell,2025-07-06,Sunday,17:25:00,0.01,0.07600000000000001,98.7012987012987,2025-07-06,,,Exit Condition Met For Trade
187.2,2025-07-06,Sunday,13:30:00,0.73,0.1,PE,2500.0,Sell,2025-07-06,Sunday,17:25:00,0.01,0.072,98.63013698630137,2025-07-06,,,Exit Condition Met For Trade
188,2025-07-07,,13:30:00,2578.18,,,,,2025-07-07,,17:25:00,2564.22,0.65,,,0.654,-0.04799999999999993,Exit Condition Met For Trade
188.1,2025-07-07,Monday,13:30:00,3.68,0.1,CE,2600.0,Sell,2025-07-07,Monday,17:25:00,0.01,0.36700000000000005,99.72826086956523,2025-07-07,,,Exit Condition Met For Trade
188.2,2025-07-07,Monday,13:30:00,3.05,0.1,PE,2560.0,Sell,2025-07-07,Monday,17:25:00,0.2,0.285,93.44262295081965,2025-07-07,,,Exit Condition Met For Trade
189,2025-07-08,,13:30:00,2553.44,,,,,2025-07-08,,17:25:00,2575.51,0.43,,,0.43399999999999994,-0.13200000000000012,Exit Condition Met For Trade
189.1,2025-07-08,Tuesday,13:30:00,1.4,0.1,CE,2580.0,Sell,2025-07-08,Tuesday,17:25:00,0.05,0.13499999999999998,96.42857142857143,2025-07-08,,,Exit Condition Met For Trade
189.2,2025-07-08,Tuesday,13:30:00,2.96,0.1,PE,2540.0,Sell,2025-07-08,Tuesday,17:25:00,0.01,0.29500000000000004,99.66216216216216,2025-07-08,,,Exit Condition Met For Trade
190,2025-07-09,,13:30:00,2624.84,,,,,2025-07-09,,17:25:00,2629.1,0.52,,,0.52,-0.02200000000000002,Exit Condition Met For Trade
190.1,2025-07-09,Wednesday,13:30:00,3.71,0.1,CE,2640.0,Sell,2025-07-09,Wednesday,17:25:00,0.01,0.37000000000000005,99.73045822102426,2025-07-09,,,Exit Condition Met For Trade
190.2,2025-07-09,Wednesday,13:30:00,1.5,0.1,PE,2600.0,Sell,2025-07-09,Wednesday,17:25:00,0.01,0.149,99.33333333333333,2025-07-09,,,Exit Condition Met For Trade
191,2025-07-10,,13:30:00,2791.07,,,,,2025-07-10,,17:25:00,2775.79,0.73,,,0.7610000000000001,-0.14700000000000002,Exit Condition Met For Trade
191.1,2025-07-10,Thursday,13:30:00,2.88,0.1,CE,2820.0,Sell,2025-07-10,Thursday,17:25:00,0.01,0.28700000000000003,99.65277777777779,2025-07-10,,,Exit Condition Met For Trade
191.2,2025-07-10,Thursday,13:30:00,7.01,0.1,PE,2780.0,Sell,2025-07-10,Thursday,17:25:00,2.64,0.43699999999999994,62.33951497860199,2025-07-10,,,Exit Condition Met For Trade
192,2025-07-11,,13:30:00,2968.91,,,,,2025-07-11,,17:25:00,2982.92,1.3199999999999998,,,1.3199999999999998,-4.119000000000001,Exit Condition Met For Trade
192.1,2025-07-11,Friday,13:30:00,11.47,0.1,CE,2980.0,Sell,2025-07-11,Friday,17:25:00,3.32,0.8150000000000001,71.05492589363557,2025-07-11,,,Exit Condition Met For Trade
192.2,2025-07-11,Friday,13:30:00,5.0,0.1,PE,2940.0,Sell,2025-07-11,Friday,17:25:00,0.01,0.49900000000000005,99.8,2025-07-11,,,Exit Condition Met For Trade
193,2025-07-12,,13:30:00,2962.93,,,,,2025-07-12,,17:25:00,2968.02,0.55,,,0.55,-0.04800000000000004,Exit Condition Met For Trade
193.1,2025-07-12,Saturday,13:30:00,3.42,0.1,CE,2980.0,Sell,2025-07-12,Saturday,17:25:00,0.06,0.336,98.24561403508773,2025-07-12,,,Exit Condition Met For Trade
193.2,2025-07-12,Saturday,13:30:00,2.11,0.1,PE,2940.0,Sell,2025-07-12,Saturday,17:25:00,0.01,0.21000000000000002,99.5260663507109,2025-07-12,,,Exit Condition Met For Trade
194,2025-07-13,,13:30:00,2962.93,,,,,2025-07-13,,17:25:00,2962.67,0.45,,,0.45300000000000007,-0.01100000000000001,Exit Condition Met For Trade
194.1,2025-07-13,Sunday,13:30:00,2.74,0.1,CE,2980.0,Sell,2025-07-13,Sunday,17:25:00,0.01,0.2730000000000001,99.63503649635038,2025-07-13,,,Exit Condition Met For Trade
194.2,2025-07-13,Sunday,13:30:00,1.82,0.1,PE,2940.0,Sell,2025-07-13,Sunday,17:25:00,0.01,0.18100000000000002,99.45054945054945,2025-07-13,,,Exit Condition Met For Trade
195,2025-07-14,,13:30:00,3045.08,,,,,2025-07-14,,17:25:00,3057.53,1.31,,,1.3739999999999999,-0.46699999999999986,Exit Condition Met For Trade
195.1,2025-07-14,Monday,13:30:00,11.39,0.1,CE,3060.0,Sell,2025-07-14,Monday,17:25:00,5.45,0.5940000000000001,52.15100965759438,2025-07-14,,,Exit Condition Met For Trade
195.2,2025-07-14,Monday,13:30:00,7.22,0.1,PE,3020.0,Sell,2025-07-14,Monday,17:25:00,0.01,0.7210000000000001,99.86149584487535,2025-07-14,,,Exit Condition Met For Trade
196,2025-07-15,,13:30:00,2977.52,,,,,2025-07-15,,17:25:00,2975.89,0.99,,,0.996,-0.2430000000000001,Exit Condition Met For Trade
196.1,2025-07-15,Tuesday,13:30:00,4.47,0.1,CE,3000.0,Sell,2025-07-15,Tuesday,17:25:00,0.01,0.446,99.77628635346757,2025-07-15,,,Exit Condition Met For Trade
196.2,2025-07-15,Tuesday,13:30:00,5.59,0.1,PE,2960.0,Sell,2025-07-15,Tuesday,17:25:00,0.17,0.542,96.95885509838999,2025-07-15,,,Exit Condition Met For Trade
197,2025-07-16,,13:30:00,3162.32,,,,,2025-07-16,,17:25:00,3150.83,1.3599999999999999,,,1.3599999999999999,-0.02400000000000002,Exit Condition Met For Trade
197.1,2025-07-16,Wednesday,13:30:00,7.81,0.1,CE,3180.0,Sell,2025-07-16,Wednesday,17:25:00,0.01,0.78,99.8719590268886,2025-07-16,,,Exit Condition Met For Trade
197.2,2025-07-16,Wednesday,13:30:00,5.78,0.1,PE,3140.0,Sell,2025-07-16,Wednesday,17:25:00,0.01,0.5770000000000001,99.82698961937716,2025-07-16,,,Exit Condition Met For Trade
198,2025-07-17,,13:30:00,3448.46,,,,,2025-07-17,,17:25:00,3435.09,2.3,,,2.3,-0.20500000000000007,Exit Condition Met For Trade
198.1,2025-07-17,Thursday,13:30:00,14.5,0.1,CE,3460.0,Sell,2025-07-17,Thursday,17:25:00,0.03,1.447,99.79310344827586,2025-07-17,,,Exit Condition Met For Trade
198.2,2025-07-17,Thursday,13:30:00,8.54,0.1,PE,3420.0,Sell,2025-07-17,Thursday,17:25:00,0.02,0.852,99.76580796252928,2025-07-17,,,Exit Condition Met For Trade
199,2025-07-18,,13:30:00,3604.49,,,,,2025-07-18,,17:25:00,3614.39,2.94,,,2.944,-0.24300000000000033,Exit Condition Met For Trade
199.1,2025-07-18,Friday,13:30:00,16.56,0.1,CE,3620.0,Sell,2025-07-18,Friday,17:25:00,0.01,1.6549999999999998,99.93961352657004,2025-07-18,,,Exit Condition Met For Trade
199.2,2025-07-18,Friday,13:30:00,12.96,0.1,PE,3580.0,Sell,2025-07-18,Friday,17:25:00,0.03,1.2930000000000001,99.76851851851853,2025-07-18,,,Exit Condition Met For Trade
200,2025-07-19,,13:30:00,3571.37,,,,,2025-07-19,,17:25:00,3552.02,1.0,,,1.0,-0.9339999999999997,Exit Condition Met For Trade
200.1,2025-07-19,Saturday,13:30:00,2.98,0.1,CE,3600.0,Sell,2025-07-19,Saturday,17:25:00,0.01,0.29700000000000004,99.66442953020135,2025-07-19,,,Exit Condition Met For Trade
200.2,2025-07-19,Saturday,13:30:00,7.02,0.1,PE,3560.0,Sell,2025-07-19,Saturday,17:25:00,0.01,0.7010000000000001,99.85754985754987,2025-07-19,,,Exit Condition Met For Trade
201,2025-07-20,,13:30:00,3668.52,,,,,2025-07-20,,17:25:00,3750.4,-3.8199999999999994,,,0.007999999999999785,-4.055,Exit Condition Met For Trade
201.1,2025-07-20,Sunday,13:30:00,10.7,0.1,CE,3680.0,Sell,2025-07-20,Sunday,17:25:00,54.21,-4.351000000000001,-406.6355140186917,2025-07-20,,,Exit Condition Met For Trade
201.2,2025-07-20,Sunday,13:30:00,5.3,0.1,PE,3640.0,Sell,2025-07-20,Sunday,17:25:00,0.01,0.529,99.81132075471699,2025-07-20,,,Exit Condition Met For Trade
202,2025-07-21,,13:30:00,3787.72,,,,,2025-07-21,,17:25:00,3812.45,0.2899999999999999,,,1.6820000000000002,-0.7849999999999997,Exit Condition Met For Trade
202.1,2025-07-21,Monday,13:30:00,14.87,0.1,CE,3800.0,Sell,2025-07-21,Monday,17:25:00,20.2,-0.533,-35.84398117014123,2025-07-21,,,Exit Condition Met For Trade
202.2,2025-07-21,Monday,13:30:00,8.17,0.1,PE,3760.0,Sell,2025-07-21,Monday,17:25:00,0.01,0.8160000000000001,99.87760097919217,2025-07-21,,,Exit Condition Met For Trade
203,2025-07-22,,13:30:00,3677.04,,,,,2025-07-22,,17:25:00,3705.99,2.23,,,2.232,-2.1439999999999997,Exit Condition Met For Trade
203.1,2025-07-22,Tuesday,13:30:00,10.49,0.1,CE,3700.0,Sell,2025-07-22,Tuesday,17:25:00,0.64,0.985,93.89895138226882,2025-07-22,,,Exit Condition Met For Trade
203.2,2025-07-22,Tuesday,13:30:00,12.46,0.1,PE,3660.0,Sell,2025-07-22,Tuesday,17:25:00,0.01,1.245,99.91974317817014,2025-07-22,,,Exit Condition Met For Trade
204,2025-07-23,,13:30:00,3673.33,,,,,2025-07-23,,17:25:00,3670.31,1.3199999999999998,,,1.326,-0.8739999999999999,Exit Condition Met For Trade
204.1,2025-07-23,Wednesday,13:30:00,4.84,0.1,CE,3700.0,Sell,2025-07-23,Wednesday,17:25:00,0.01,0.48300000000000004,99.79338842975207,2025-07-23,,,Exit Condition Met For Trade
204.2,2025-07-23,Wednesday,13:30:00,8.45,0.1,PE,3660.0,Sell,2025-07-23,Wednesday,17:25:00,0.01,0.844,99.88165680473374,2025-07-23,,,Exit Condition Met For Trade
205,2025-07-24,,13:30:00,3591.71,,,,,2025-07-24,,17:25:00,3655.99,-1.2900000000000003,,,1.549,-1.9220000000000006,Exit Condition Met For Trade
205.1,2025-07-24,Thursday,13:30:00,7.16,0.1,CE,3620.0,Sell,2025-07-24,Thursday,17:25:00,31.7,-2.454,-342.7374301675978,2025-07-24,,,Exit Condition Met For Trade
205.2,2025-07-24,Thursday,13:30:00,11.63,0.1,PE,3580.0,Sell,2025-07-24,Thursday,17:25:00,0.01,1.1620000000000001,99.9140154772141,2025-07-24,,,Exit Condition Met For Trade
206,2025-07-25,,13:30:00,3631.58,,,,,2025-07-25,,17:25:00,3721.49,-4.69,,,0.8480000000000003,-6.193,Exit Condition Met For Trade
206.1,2025-07-25,Friday,13:30:00,14.45,0.1,CE,3650.0,Sell,2025-07-25,Friday,17:25:00,78.57,-6.411999999999999,-443.7370242214532,2025-07-25,,,Exit Condition Met For Trade
206.2,2025-07-25,Friday,13:30:00,17.21,0.1,PE,3620.0,Sell,2025-07-25,Friday,17:25:00,0.01,1.72,99.9418942475305,2025-07-25,,,Exit Condition Met For Trade
207,2025-07-26,,13:30:00,3742.3,,,,,2025-07-26,,17:25:00,3741.5,1.0,,,1.0,-1.22,Exit Condition Met For Trade
207.1,2025-07-26,Saturday,13:30:00,5.76,0.1,CE,3760.0,Sell,2025-07-26,Saturday,17:25:00,0.01,0.5750000000000001,99.82638888888889,2025-07-26,,,Exit Condition Met For Trade
207.2,2025-07-26,Saturday,13:30:00,4.22,0.1,PE,3720.0,Sell,2025-07-26,Saturday,17:25:00,0.01,0.42100000000000004,99.76303317535546,2025-07-26,,,Exit Condition Met For Trade
208,2025-07-27,,13:30:00,3768.13,,,,,2025-07-27,,17:25:00,3813.58,-2.75,,,0.538,-4.660000000000001,Exit Condition Met For Trade
208.1,2025-07-27,Sunday,13:30:00,6.97,0.1,CE,3780.0,Sell,2025-07-27,Sunday,17:25:00,36.74,-2.9770000000000003,-427.11621233859404,2025-07-27,,,Exit Condition Met For Trade
208.2,2025-07-27,Sunday,13:30:00,2.33,0.1,PE,3740.0,Sell,2025-07-27,Sunday,17:25:00,0.01,0.23200000000000004,99.57081545064379,2025-07-27,,,Exit Condition Met For Trade
209,2025-07-28,,13:30:00,3893.02,,,,,2025-07-28,,17:25:00,3878.08,1.5699999999999998,,,1.8430000000000002,-0.03999999999999959,Exit Condition Met For Trade
209.1,2025-07-28,Monday,13:30:00,9.67,0.1,CE,3920.0,Sell,2025-07-28,Monday,17:25:00,0.01,0.9660000000000001,99.8965873836608,2025-07-28,,,Exit Condition Met For Trade
209.2,2025-07-28,Monday,13:30:00,14.1,0.1,PE,3880.0,Sell,2025-07-28,Monday,17:25:00,8.09,0.601,42.6241134751773,2025-07-28,,,Exit Condition Met For Trade
210,2025-07-29,,13:30:00,3877.58,,,,,2025-07-29,,17:25:00,3822.01,-1.3399999999999999,,,1.4749999999999996,-1.684000000000001,Exit Condition Met For Trade
210.1,2025-07-29,Tuesday,13:30:00,11.25,0.1,CE,3900.0,Sell,2025-07-29,Tuesday,17:25:00,0.01,1.124,99.91111111111111,2025-07-29,,,Exit Condition Met For Trade
210.2,2025-07-29,Tuesday,13:30:00,12.12,0.1,PE,3860.0,Sell,2025-07-29,Tuesday,17:25:00,36.76,-2.4640000000000004,-203.30033003300332,2025-07-29,,,Exit Condition Met For Trade
211,2025-07-30,,13:30:00,3811.43,,,,,2025-07-30,,17:25:00,3751.51,-2.75,,,0.9770000000000001,-2.880000000000001,Exit Condition Met For Trade
211.1,2025-07-30,Wednesday,13:30:00,5.66,0.1,CE,3840.0,Sell,2025-07-30,Wednesday,17:25:00,0.01,0.5650000000000001,99.82332155477032,2025-07-30,,,Exit Condition Met For Trade
211.2,2025-07-30,Wednesday,13:30:00,10.62,0.1,PE,3800.0,Sell,2025-07-30,Wednesday,17:25:00,43.83,-3.321,-312.7118644067797,2025-07-30,,,Exit Condition Met For Trade
212,2025-07-31,,13:30:00,3863.92,,,,,2025-07-31,,17:25:00,3832.44,1.12,,,1.2760000000000002,0,Exit Condition Met For Trade
212.1,2025-07-31,Thursday,13:30:00,8.46,0.1,CE,3880.0,Sell,2025-07-31,Thursday,17:25:00,0.01,0.8450000000000002,99.88179669030733,2025-07-31,,,Exit Condition Met For Trade
212.2,2025-07-31,Thursday,13:30:00,5.76,0.1,PE,3840.0,Sell,2025-07-31,Thursday,17:25:00,3.09,0.267,46.35416666666667,2025-07-31,,,Exit Condition Met For Trade
213,2025-08-01,,13:30:00,3650.73,,,,,2025-08-01,,17:25:00,3642.48,2.23,,,2.23,-2.336,Exit Condition Met For Trade
213.1,2025-08-01,Friday,13:30:00,16.35,0.1,CE,3660.0,Sell,2025-08-01,Friday,17:25:00,0.01,1.6340000000000001,99.93883792048929,2025-08-01,,,Exit Condition Met For Trade
213.2,2025-08-01,Friday,13:30:00,15.85,0.1,PE,3640.0,Sell,2025-08-01,Friday,17:25:00,9.84,0.601,37.91798107255521,2025-08-01,,,Exit Condition Met For Trade
214,2025-08-02,,13:30:00,3519.53,,,,,2025-08-02,,17:25:00,3504.74,1.31,,,1.31,-1.322,Exit Condition Met For Trade
214.1,2025-08-02,Saturday,13:30:00,6.36,0.1,CE,3540.0,Sell,2025-08-02,Saturday,17:25:00,0.01,0.6350000000000001,99.84276729559748,2025-08-02,,,Exit Condition Met For Trade
214.2,2025-08-02,Saturday,13:30:00,6.7,0.1,PE,3500.0,Sell,2025-08-02,Saturday,17:25:00,0.01,0.669,99.85074626865672,2025-08-02,,,Exit Condition Met For Trade
215,2025-08-03,,13:30:00,3456.23,,,,,2025-08-03,,17:25:00,3493.88,-0.33999999999999997,,,0.6809999999999998,-2.6130000000000004,Exit Condition Met For Trade
215.1,2025-08-03,Sunday,13:30:00,4.19,0.1,CE,3480.0,Sell,2025-08-03,Sunday,17:25:00,13.71,-0.952,-227.20763723150355,2025-08-03,,,Exit Condition Met For Trade
215.2,2025-08-03,Sunday,13:30:00,6.1,0.1,PE,3440.0,Sell,2025-08-03,Sunday,17:25:00,0.01,0.609,99.8360655737705,2025-08-03,,,Exit Condition Met For Trade
216,2025-08-04,,13:30:00,3552.37,,,,,2025-08-04,,17:25:00,3555.52,1.24,,,1.24,-0.0409999999999997,Exit Condition Met For Trade
216.1,2025-08-04,Monday,13:30:00,4.21,0.1,CE,3580.0,Sell,2025-08-04,Monday,17:25:00,0.01,0.42000000000000004,99.7624703087886,2025-08-04,,,Exit Condition Met For Trade
216.2,2025-08-04,Monday,13:30:00,8.21,0.1,PE,3540.0,Sell,2025-08-04,Monday,17:25:00,0.04,0.8170000000000002,99.5127892813642,2025-08-04,,,Exit Condition Met For Trade
217,2025-08-05,,13:30:00,3613.25,,,,,2025-08-05,,17:25:00,3667.17,-1.88,,,0.41900000000000004,-3.9619999999999997,Exit Condition Met For Trade
217.1,2025-08-05,Tuesday,13:30:00,5.28,0.1,CE,3640.0,Sell,2025-08-05,Tuesday,17:25:00,33.38,-2.8100000000000005,-532.1969696969696,2025-08-05,,,Exit Condition Met For Trade
217.2,2025-08-05,Tuesday,13:30:00,9.27,0.1,PE,3600.0,Sell,2025-08-05,Tuesday,17:25:00,0.01,0.926,99.89212513484358,2025-08-05,,,Exit Condition Met For Trade
218,2025-08-06,,13:30:00,3640.28,,,,,2025-08-06,,17:25:00,3619.17,1.29,,,1.29,-0.5229999999999999,Exit Condition Met For Trade
218.1,2025-08-06,Wednesday,13:30:00,6.57,0.1,CE,3660.0,Sell,2025-08-06,Wednesday,17:25:00,0.01,0.6560000000000001,99.84779299847793,2025-08-06,,,Exit Condition Met For Trade
218.2,2025-08-06,Wednesday,13:30:00,6.33,0.1,PE,3620.0,Sell,2025-08-06,Wednesday,17:25:00,0.03,0.63,99.5260663507109,2025-08-06,,,Exit Condition Met For Trade
219,2025-08-07,,13:30:00,3702.58,,,,,2025-08-07,,17:25:00,3833.52,-9.4,,,0.18499999999999994,-9.487000000000002,Exit Condition Met For Trade
219.1,2025-08-07,Thursday,13:30:00,6.68,0.1,CE,3720.0,Sell,2025-08-07,Thursday,17:25:00,105.65,-9.897,-1481.5868263473055,2025-08-07,,,Exit Condition Met For Trade
219.2,2025-08-07,Thursday,13:30:00,4.97,0.1,PE,3680.0,Sell,2025-08-07,Thursday,17:25:00,0.01,0.496,99.79879275653924,2025-08-07,,,Exit Condition Met For Trade
220,2025-08-08,,13:30:00,3915.98,,,,,2025-08-08,,17:25:00,3919.52,2.08,,,2.088,-0.31300000000000017,Exit Condition Met For Trade
220.1,2025-08-08,Friday,13:30:00,9.43,0.1,CE,3940.0,Sell,2025-08-08,Friday,17:25:00,0.01,0.9420000000000001,99.89395546129374,2025-08-08,,,Exit Condition Met For Trade
220.2,2025-08-08,Friday,13:30:00,11.54,0.1,PE,3900.0,Sell,2025-08-08,Friday,17:25:00,0.15,1.139,98.7001733102253,2025-08-08,,,Exit Condition Met For Trade
221,2025-08-09,,13:30:00,4170.43,,,,,2025-08-09,,17:25:00,4198.11,2.24,,,2.24,-2.2030000000000003,Exit Condition Met For Trade
221.1,2025-08-09,Saturday,13:30:00,8.96,0.1,CE,4200.0,Sell,2025-08-09,Saturday,17:25:00,1.95,0.7010000000000001,78.23660714285715,2025-08-09,,,Exit Condition Met For Trade
221.2,2025-08-09,Saturday,13:30:00,15.41,0.1,PE,4160.0,Sell,2025-08-09,Saturday,17:25:00,0.01,1.54,99.93510707332901,2025-08-09,,,Exit Condition Met For Trade
222,2025-08-10,,13:30:00,4185.07,,,,,2025-08-10,,17:25:00,4198.65,1.26,,,1.714,-1.2040000000000002,Exit Condition Met For Trade
222.1,2025-08-10,Sunday,13:30:00,11.92,0.1,CE,4200.0,Sell,2025-08-10,Sunday,17:25:00,7.9,0.40199999999999997,33.724832214765094,2025-08-10,,,Exit Condition Met For Trade
222.2,2025-08-10,Sunday,13:30:00,8.64,0.1,PE,4160.0,Sell,2025-08-10,Sunday,17:25:00,0.01,0.8630000000000001,99.88425925925927,2025-08-10,,,Exit Condition Met For Trade
223,2025-08-11,,13:30:00,4273.92,,,,,2025-08-11,,17:25:00,4182.0,-3.5500000000000007,,,1.5650000000000004,-3.7960000000000003,Exit Condition Met For Trade
223.1,2025-08-11,Monday,13:30:00,11.78,0.1,CE,4300.0,Sell,2025-08-11,Monday,17:25:00,0.01,1.177,99.9151103565365,2025-08-11,,,Exit Condition Met For Trade
223.2,2025-08-11,Monday,13:30:00,15.97,0.1,PE,4260.0,Sell,2025-08-11,Monday,17:25:00,63.23,-4.726,-295.92986850344397,2025-08-11,,,Exit Condition Met For Trade
224,2025-08-12,,13:30:00,4315.83,,,,,2025-08-12,,17:25:00,4282.94,0.15000000000000002,,,0.911,-1.995,Exit Condition Met For Trade
224.1,2025-08-12,Tuesday,13:30:00,9.81,0.1,CE,4340.0,Sell,2025-08-12,Tuesday,17:25:00,0.01,0.9800000000000001,99.8980632008155,2025-08-12,,,Exit Condition Met For Trade
224.2,2025-08-12,Tuesday,13:30:00,11.95,0.1,PE,4300.0,Sell,2025-08-12,Tuesday,17:25:00,20.25,-0.8300000000000001,-69.45606694560671,2025-08-12,,,Exit Condition Met For Trade
225,2025-08-13,,13:30:00,4625.39,,,,,2025-08-13,,17:25:00,4684.72,-1.46,,,0.984,-4.219,Exit Condition Met For Trade
225.1,2025-08-13,Wednesday,13:30:00,15.76,0.1,CE,4640.0,Sell,2025-08-13,Wednesday,17:25:00,41.86,-2.6100000000000003,-165.60913705583758,2025-08-13,,,Exit Condition Met For Trade
225.2,2025-08-13,Wednesday,13:30:00,11.47,0.1,PE,4600.0,Sell,2025-08-13,Wednesday,17:25:00,0.01,1.1460000000000001,99.91281604184829,2025-08-13,,,Exit Condition Met For Trade
226,2025-08-14,,13:30:00,4748.53,,,,,2025-08-14,,17:25:00,4714.05,1.53,,,2.2,-0.2829999999999999,Exit Condition Met For Trade
226.1,2025-08-14,Thursday,13:30:00,18.0,0.1,CE,4760.0,Sell,2025-08-14,Thursday,17:25:00,0.01,1.799,99.94444444444443,2025-08-14,,,Exit Condition Met For Trade
226.2,2025-08-14,Thursday,13:30:00,11.29,0.1,PE,4720.0,Sell,2025-08-14,Thursday,17:25:00,14.01,-0.2720000000000001,-24.092116917626225,2025-08-14,,,Exit Condition Met For Trade
227,2025-08-15,,13:30:00,4640.43,,,,,2025-08-15,,17:25:00,4638.41,2.67,,,2.676,-0.10499999999999998,Exit Condition Met For Trade
227.1,2025-08-15,Friday,13:30:00,13.94,0.1,CE,4660.0,Sell,2025-08-15,Friday,17:25:00,0.01,1.393,99.92826398852225,2025-08-15,,,Exit Condition Met For Trade
227.2,2025-08-15,Friday,13:30:00,12.9,0.1,PE,4620.0,Sell,2025-08-15,Friday,17:25:00,0.08,1.282,99.37984496124031,2025-08-15,,,Exit Condition Met For Trade
228,2025-08-16,,13:30:00,4452.07,,,,,2025-08-16,,17:25:00,4386.65,-1.94,,,1.0380000000000003,-4.215999999999999,Exit Condition Met For Trade
228.1,2025-08-16,Saturday,13:30:00,6.8,0.1,CE,4480.0,Sell,2025-08-16,Saturday,17:25:00,0.01,0.679,99.8529411764706,2025-08-16,,,Exit Condition Met For Trade
228.2,2025-08-16,Saturday,13:30:00,11.77,0.1,PE,4440.0,Sell,2025-08-16,Saturday,17:25:00,37.99,-2.6220000000000003,-222.76975361087514,2025-08-16,,,Exit Condition Met For Trade
229,2025-08-17,,13:30:00,4467.23,,,,,2025-08-17,,17:25:00,4558.11,-6.5,,,0.17700000000000005,-7.813000000000001,Exit Condition Met For Trade
229.1,2025-08-17,Sunday,13:30:00,8.09,0.1,CE,4480.0,Sell,2025-08-17,Sunday,17:25:00,76.85,-6.8759999999999994,-849.9381953028429,2025-08-17,,,Exit Condition Met For Trade
229.2,2025-08-17,Sunday,13:30:00,3.77,0.1,PE,4440.0,Sell,2025-08-17,Sunday,17:25:00,0.01,0.37600000000000006,99.73474801061008,2025-08-17,,,Exit Condition Met For Trade
230,2025-08-18,,13:30:00,4257.27,,,,,2025-08-18,,17:25:00,4269.9,4.199999999999999,,,4.202999999999999,-0.4769999999999994,Exit Condition Met For Trade
230.1,2025-08-18,Monday,13:30:00,20.14,0.1,CE,4280.0,Sell,2025-08-18,Monday,17:25:00,0.01,2.013,99.95034756703078,2025-08-18,,,Exit Condition Met For Trade
230.2,2025-08-18,Monday,13:30:00,21.98,0.1,PE,4240.0,Sell,2025-08-18,Monday,17:25:00,0.08,2.1900000000000004,99.63603275705186,2025-08-18,,,Exit Condition Met For Trade
231,2025-08-19,,13:30:00,4234.37,,,,,2025-08-19,,17:25:00,4306.01,-2.09,,,0.6049999999999998,-2.9260000000000006,Exit Condition Met For Trade
231.1,2025-08-19,Tuesday,13:30:00,9.79,0.1,CE,4260.0,Sell,2025-08-19,Tuesday,17:25:00,44.61,-3.482,-355.66905005107253,2025-08-19,,,Exit Condition Met For Trade
231.2,2025-08-19,Tuesday,13:30:00,13.92,0.1,PE,4220.0,Sell,2025-08-19,Tuesday,17:25:00,0.01,1.391,99.92816091954023,2025-08-19,,,Exit Condition Met For Trade
232,2025-08-20,,13:30:00,4185.42,,,,,2025-08-20,,17:25:00,4185.25,2.24,,,2.24,-2.154,Exit Condition Met For Trade
232.1,2025-08-20,Wednesday,13:30:00,13.09,0.1,CE,4200.0,Sell,2025-08-20,Wednesday,17:25:00,0.01,1.308,99.92360580595874,2025-08-20,,,Exit Condition Met For Trade
232.2,2025-08-20,Wednesday,13:30:00,9.36,0.1,PE,4160.0,Sell,2025-08-20,Wednesday,17:25:00,0.07,0.9289999999999999,99.25213675213675,2025-08-20,,,Exit Condition Met For Trade
233,2025-08-21,,13:30:00,4310.98,,,,,2025-08-21,,17:25:00,4276.28,0.62,,,1.724,-2.267000000000001,Exit Condition Met For Trade
233.1,2025-08-21,Thursday,13:30:00,7.35,0.1,CE,4340.0,Sell,2025-08-21,Thursday,17:25:00,0.01,0.734,99.8639455782313,2025-08-21,,,Exit Condition Met For Trade
233.2,2025-08-21,Thursday,13:30:00,13.01,0.1,PE,4300.0,Sell,2025-08-21,Thursday,17:25:00,14.14,-0.11300000000000009,-8.685626441199084,2025-08-21,,,Exit Condition Met For Trade
234,2025-08-22,,13:30:00,4328.09,,,,,2025-08-22,,17:25:00,4281.63,0.79,,,1.6320000000000001,-0.4500000000000002,Exit Condition Met For Trade
234.1,2025-08-22,Friday,13:30:00,15.17,0.1,CE,4340.0,Sell,2025-08-22,Friday,17:25:00,0.01,1.516,99.9340804218853,2025-08-22,,,Exit Condition Met For Trade
234.2,2025-08-22,Friday,13:30:00,9.94,0.1,PE,4300.0,Sell,2025-08-22,Friday,17:25:00,17.23,-0.7290000000000001,-73.3400402414487,2025-08-22,,,Exit Condition Met For Trade
235,2025-08-23,,13:30:00,4713.8,,,,,2025-08-23,,17:25:00,4711.47,2.6100000000000003,,,2.6100000000000003,0,Exit Condition Met For Trade
235.1,2025-08-23,Saturday,13:30:00,10.55,0.1,CE,4740.0,Sell,2025-08-23,Saturday,17:25:00,0.01,1.054,99.90521327014217,2025-08-23,,,Exit Condition Met For Trade
235.2,2025-08-23,Saturday,13:30:00,15.57,0.1,PE,4700.0,Sell,2025-08-23,Saturday,17:25:00,0.01,1.556,99.93577392421322,2025-08-23,,,Exit Condition Met For Trade
236,2025-08-24,,13:30:00,4758.81,,,,,2025-08-24,,17:25:00,4750.0,1.3,,,1.314,-0.45300000000000007,Exit Condition Met For Trade
236.1,2025-08-24,Sunday,13:30:00,6.59,0.1,CE,4780.0,Sell,2025-08-24,Sunday,17:25:00,0.01,0.658,99.84825493171472,2025-08-24,,,Exit Condition Met For Trade
236.2,2025-08-24,Sunday,13:30:00,7.1,0.1,PE,4740.0,Sell,2025-08-24,Sunday,17:25:00,0.67,0.643,90.56338028169014,2025-08-24,,,Exit Condition Met For Trade
237,2025-08-25,,13:30:00,4591.31,,,,,2025-08-25,,17:25:00,4595.01,3.79,,,3.7980000000000005,-1.1249999999999996,Exit Condition Met For Trade
237.1,2025-08-25,Monday,13:30:00,15.92,0.1,CE,4620.0,Sell,2025-08-25,Monday,17:25:00,0.01,1.5910000000000002,99.93718592964824,2025-08-25,,,Exit Condition Met For Trade
237.2,2025-08-25,Monday,13:30:00,22.67,0.1,PE,4580.0,Sell,2025-08-25,Monday,17:25:00,0.67,2.2,97.04455227172474,2025-08-25,,,Exit Condition Met For Trade
238,2025-08-26,,13:30:00,4429.27,,,,,2025-08-26,,17:25:00,4417.86,2.7800000000000002,,,2.7800000000000002,-0.23399999999999999,Exit Condition Met For Trade
238.1,2025-08-26,Tuesday,13:30:00,17.42,0.1,CE,4440.0,Sell,2025-08-26,Tuesday,17:25:00,0.01,1.741,99.9425947187141,2025-08-26,,,Exit Condition Met For Trade
238.2,2025-08-26,Tuesday,13:30:00,10.4,0.1,PE,4400.0,Sell,2025-08-26,Tuesday,17:25:00,0.03,1.0370000000000001,99.71153846153845,2025-08-26,,,Exit Condition Met For Trade
239,2025-08-27,,13:30:00,4580.63,,,,,2025-08-27,,17:25:00,4610.08,2.37,,,2.4040000000000004,-0.36300000000000043,Exit Condition Met For Trade
239.1,2025-08-27,Wednesday,13:30:00,12.84,0.1,CE,4600.0,Sell,2025-08-27,Wednesday,17:25:00,1.38,1.1460000000000001,89.25233644859813,2025-08-27,,,Exit Condition Met For Trade
239.2,2025-08-27,Wednesday,13:30:00,12.22,0.1,PE,4560.0,Sell,2025-08-27,Wednesday,17:25:00,0.01,1.221,99.91816693944352,2025-08-27,,,Exit Condition Met For Trade
240,2025-08-28,,13:30:00,4596.79,,,,,2025-08-28,,17:25:00,4594.6,2.13,,,2.13,-0.8070000000000004,Exit Condition Met For Trade
240.1,2025-08-28,Thursday,13:30:00,9.72,0.1,CE,4620.0,Sell,2025-08-28,Thursday,17:25:00,0.05,0.9670000000000001,99.48559670781893,2025-08-28,,,Exit Condition Met For Trade
240.2,2025-08-28,Thursday,13:30:00,11.59,0.1,PE,4580.0,Sell,2025-08-28,Thursday,17:25:00,0.01,1.1580000000000001,99.9137187230371,2025-08-28,,,Exit Condition Met For Trade
241,2025-08-29,,13:30:00,4381.08,,,,,2025-08-29,,17:25:00,4343.93,0.7400000000000001,,,1.4760000000000004,-1.9089999999999998,Exit Condition Met For Trade
241.1,2025-08-29,Friday,13:30:00,13.15,0.1,CE,4400.0,Sell,2025-08-29,Friday,17:25:00,0.01,1.314,99.92395437262357,2025-08-29,,,Exit Condition Met For Trade
241.2,2025-08-29,Friday,13:30:00,12.47,0.1,PE,4360.0,Sell,2025-08-29,Friday,17:25:00,18.16,-0.569,-45.62951082598236,2025-08-29,,,Exit Condition Met For Trade
242,2025-08-30,,13:30:00,4402.32,,,,,2025-08-30,,17:25:00,4388.84,1.8599999999999999,,,1.8610000000000002,-0.0009999999999998899,Exit Condition Met For Trade
242.1,2025-08-30,Saturday,13:30:00,9.99,0.1,CE,4420.0,Sell,2025-08-30,Saturday,17:25:00,0.01,0.9980000000000001,99.89989989989989,2025-08-30,,,Exit Condition Met For Trade
242.2,2025-08-30,Saturday,13:30:00,8.64,0.1,PE,4380.0,Sell,2025-08-30,Saturday,17:25:00,0.01,0.8630000000000001,99.88425925925927,2025-08-30,,,Exit Condition Met For Trade
243,2025-08-31,,13:30:00,4450.93,,,,,2025-08-31,,17:25:00,4477.83,1.47,,,1.47,0,Exit Condition Met For Trade
243.1,2025-08-31,Sunday,13:30:00,5.01,0.1,CE,4480.0,Sell,2025-08-31,Sunday,17:25:00,0.01,0.5,99.8003992015968,2025-08-31,,,Exit Condition Met For Trade
243.2,2025-08-31,Sunday,13:30:00,9.71,0.1,PE,4440.0,Sell,2025-08-31,Sunday,17:25:00,0.01,0.9700000000000002,99.89701338825952,2025-08-31,,,Exit Condition Met For Trade
244,2025-09-01,,13:30:00,4463.35,,,,,2025-09-01,,17:25:00,4397.41,-2.18,,,1.224,-2.4950000000000006,Exit Condition Met For Trade
244.1,2025-09-01,Monday,13:30:00,13.85,0.1,CE,4480.0,Sell,2025-09-01,Monday,17:25:00,0.01,1.3840000000000001,99.92779783393502,2025-09-01,,,Exit Condition Met For Trade
244.2,2025-09-01,Monday,13:30:00,10.58,0.1,PE,4440.0,Sell,2025-09-01,Monday,17:25:00,46.13,-3.5550000000000006,-336.0113421550095,2025-09-01,,,Exit Condition Met For Trade
245,2025-09-02,,13:30:00,4377.45,,,,,2025-09-02,,17:25:00,4353.45,1.92,,,1.9250000000000003,-0.10899999999999999,Exit Condition Met For Trade
245.1,2025-09-02,Tuesday,13:30:00,8.76,0.1,CE,4400.0,Sell,2025-09-02,Tuesday,17:25:00,0.02,0.8740000000000001,99.77168949771689,2025-09-02,,,Exit Condition Met For Trade
245.2,2025-09-02,Tuesday,13:30:00,10.54,0.1,PE,4360.0,Sell,2025-09-02,Tuesday,17:25:00,0.01,1.053,99.90512333965845,2025-09-02,,,Exit Condition Met For Trade
246,2025-09-03,,13:30:00,4310.21,,,,,2025-09-03,,17:25:00,4376.14,-1.5699999999999998,,,1.014,-2.085,Exit Condition Met For Trade
246.1,2025-09-03,Wednesday,13:30:00,7.41,0.1,CE,4340.0,Sell,2025-09-03,Wednesday,17:25:00,36.57,-2.9160000000000004,-393.52226720647775,2025-09-03,,,Exit Condition Met For Trade
246.2,2025-09-03,Wednesday,13:30:00,13.47,0.1,PE,4300.0,Sell,2025-09-03,Wednesday,17:25:00,0.01,1.346,99.92576095025983,2025-09-03,,,Exit Condition Met For Trade
247,2025-09-04,,13:30:00,4371.1,,,,,2025-09-04,,17:25:00,4408.79,0.51,,,1.1550000000000002,-1.0639999999999996,Exit Condition Met For Trade
247.1,2025-09-04,Thursday,13:30:00,7.45,0.1,CE,4400.0,Sell,2025-09-04,Thursday,17:25:00,15.52,-0.807,-108.3221476510067,2025-09-04,,,Exit Condition Met For Trade
247.2,2025-09-04,Thursday,13:30:00,13.17,0.1,PE,4360.0,Sell,2025-09-04,Thursday,17:25:00,0.01,1.316,99.92406985573272,2025-09-04,,,Exit Condition Met For Trade
248,2025-09-05,,13:30:00,4417.16,,,,,2025-09-05,,17:25:00,4419.16,2.58,,,2.58,-0.41999999999999993,Exit Condition Met For Trade
248.1,2025-09-05,Friday,13:30:00,12.16,0.1,CE,4440.0,Sell,2025-09-05,Friday,17:25:00,0.01,1.215,99.91776315789474,2025-09-05,,,Exit Condition Met For Trade
248.2,2025-09-05,Friday,13:30:00,13.65,0.1,PE,4400.0,Sell,2025-09-05,Friday,17:25:00,0.01,1.364,99.92673992673993,2025-09-05,,,Exit Condition Met For Trade
249,2025-09-06,,13:30:00,4312.52,,,,,2025-09-06,,17:25:00,4298.77,0.72,,,0.774,-0.2260000000000002,Exit Condition Met For Trade
249.1,2025-09-06,Saturday,13:30:00,4.18,0.1,CE,4340.0,Sell,2025-09-06,Saturday,17:25:00,0.01,0.41700000000000004,99.76076555023924,2025-09-06,,,Exit Condition Met For Trade
249.2,2025-09-06,Saturday,13:30:00,7.96,0.1,PE,4300.0,Sell,2025-09-06,Saturday,17:25:00,4.94,0.302,37.939698492462306,2025-09-06,,,Exit Condition Met For Trade
250,2025-09-07,,13:30:00,4294.93,,,,,2025-09-07,,17:25:00,4308.38,0.94,,,0.94,-0.11599999999999999,Exit Condition Met For Trade
250.1,2025-09-07,Sunday,13:30:00,3.59,0.1,CE,4320.0,Sell,2025-09-07,Sunday,17:25:00,0.01,0.35800000000000004,99.72144846796658,2025-09-07,,,Exit Condition Met For Trade
250.2,2025-09-07,Sunday,13:30:00,5.8,0.1,PE,4280.0,Sell,2025-09-07,Sunday,17:25:00,0.01,0.5790000000000001,99.82758620689656,2025-09-07,,,Exit Condition Met For Trade
251,2025-09-08,,13:30:00,4291.96,,,,,2025-09-08,,17:25:00,4316.51,1.48,,,1.48,-0.40000000000000036,Exit Condition Met For Trade
251.1,2025-09-08,Monday,13:30:00,5.32,0.1,CE,4320.0,Sell,2025-09-08,Monday,17:25:00,0.01,0.531,99.81203007518796,2025-09-08,,,Exit Condition Met For Trade
251.2,2025-09-08,Monday,13:30:00,9.48,0.1,PE,4280.0,Sell,2025-09-08,Monday,17:25:00,0.01,0.9470000000000001,99.89451476793249,2025-09-08,,,Exit Condition Met For Trade
252,2025-09-09,,13:30:00,4361.72,,,,,2025-09-09,,17:25:00,4349.97,1.4100000000000001,,,1.4100000000000001,-0.03500000000000014,Exit Condition Met For Trade
252.1,2025-09-09,Tuesday,13:30:00,7.99,0.1,CE,4380.0,Sell,2025-09-09,Tuesday,17:25:00,0.01,0.798,99.87484355444305,2025-09-09,,,Exit Condition Met For Trade
252.2,2025-09-09,Tuesday,13:30:00,6.1,0.1,PE,4340.0,Sell,2025-09-09,Tuesday,17:25:00,0.01,0.609,99.8360655737705,2025-09-09,,,Exit Condition Met For Trade
253,2025-09-10,,13:30:00,4329.83,,,,,2025-09-10,,17:25:00,4329.67,1.2,,,1.2,0,Exit Condition Met For Trade
253.1,2025-09-10,Wednesday,13:30:00,9.06,0.1,CE,4340.0,Sell,2025-09-10,Wednesday,17:25:00,0.01,0.9050000000000001,99.88962472406182,2025-09-10,,,Exit Condition Met For Trade
253.2,2025-09-10,Wednesday,13:30:00,2.95,0.1,PE,4300.0,Sell,2025-09-10,Wednesday,17:25:00,0.01,0.29400000000000004,99.66101694915255,2025-09-10,,,Exit Condition Met For Trade
254,2025-09-11,,13:30:00,4440.4,,,,,2025-09-11,,17:25:00,4431.95,1.52,,,1.52,-0.34299999999999997,Exit Condition Met For Trade
254.1,2025-09-11,Thursday,13:30:00,7.94,0.1,CE,4460.0,Sell,2025-09-11,Thursday,17:25:00,0.02,0.7920000000000001,99.74811083123427,2025-09-11,,,Exit Condition Met For Trade
254.2,2025-09-11,Thursday,13:30:00,7.27,0.1,PE,4420.0,Sell,2025-09-11,Thursday,17:25:00,0.02,0.7250000000000001,99.72489683631362,2025-09-11,,,Exit Condition Met For Trade
255,2025-09-12,,13:30:00,4525.99,,,,,2025-09-12,,17:25:00,4520.24,1.9,,,1.9,-0.02400000000000002,Exit Condition Met For Trade
255.1,2025-09-12,Friday,13:30:00,11.5,0.1,CE,4540.0,Sell,2025-09-12,Friday,17:25:00,0.13,1.137,98.8695652173913,2025-09-12,,,Exit Condition Met For Trade
255.2,2025-09-12,Friday,13:30:00,7.56,0.1,PE,4500.0,Sell,2025-09-12,Friday,17:25:00,0.01,0.755,99.86772486772487,2025-09-12,,,Exit Condition Met For Trade
256,2025-09-13,,13:30:00,4711.51,,,,,2025-09-13,,17:25:00,4720.64,1.3599999999999999,,,1.3599999999999999,0,Exit Condition Met For Trade
256.1,2025-09-13,Saturday,13:30:00,4.68,0.1,CE,4740.0,Sell,2025-09-13,Saturday,17:25:00,0.01,0.467,99.7863247863248,2025-09-13,,,Exit Condition Met For Trade
256.2,2025-09-13,Saturday,13:30:00,8.89,0.1,PE,4700.0,Sell,2025-09-13,Saturday,17:25:00,0.01,0.8880000000000001,99.88751406074242,2025-09-13,,,Exit Condition Met For Trade
257,2025-09-14,,13:30:00,4650.88,,,,,2025-09-14,,17:25:00,4632.72,0.7,,,0.9390000000000001,-0.20100000000000007,Exit Condition Met For Trade
257.1,2025-09-14,Sunday,13:30:00,3.35,0.1,CE,4680.0,Sell,2025-09-14,Sunday,17:25:00,0.01,0.3340000000000001,99.70149253731344,2025-09-14,,,Exit Condition Met For Trade
257.2,2025-09-14,Sunday,13:30:00,6.73,0.1,PE,4640.0,Sell,2025-09-14,Sunday,17:25:00,3.05,0.3680000000000001,54.68053491827638,2025-09-14,,,Exit Condition Met For Trade
258,2025-09-15,,13:30:00,4597.32,,,,,2025-09-15,,17:25:00,4532.34,-3.21,,,0,-5.75,Exit Condition Met For Trade
258.1,2025-09-15,Monday,13:30:00,6.82,0.1,CE,4620.0,Sell,2025-09-15,Monday,17:25:00,0.01,0.681,99.85337243401759,2025-09-15,,,Exit Condition Met For Trade
258.2,2025-09-15,Monday,13:30:00,8.58,0.1,PE,4580.0,Sell,2025-09-15,Monday,17:25:00,47.48,-3.89,-453.37995337995335,2025-09-15,,,Exit Condition Met For Trade
259,2025-09-16,,13:30:00,4512.87,,,,,2025-09-16,,17:25:00,4501.97,1.2,,,1.2,-0.11699999999999999,Exit Condition Met For Trade
259.1,2025-09-16,Tuesday,13:30:00,4.13,0.1,CE,4540.0,Sell,2025-09-16,Tuesday,17:25:00,0.01,0.41200000000000003,99.75786924939467,2025-09-16,,,Exit Condition Met For Trade
259.2,2025-09-16,Tuesday,13:30:00,7.97,0.1,PE,4500.0,Sell,2025-09-16,Tuesday,17:25:00,0.05,0.792,99.37264742785446,2025-09-16,,,Exit Condition Met For Trade
260,2025-09-17,,13:30:00,4544.18,,,,,2025-09-17,,17:25:00,4493.49,-1.1099999999999999,,,0.04300000000000015,-2.461,Exit Condition Met For Trade
260.1,2025-09-17,Wednesday,13:30:00,9.58,0.1,CE,4560.0,Sell,2025-09-17,Wednesday,17:25:00,0.01,0.9570000000000001,99.89561586638831,2025-09-17,,,Exit Condition Met For Trade
260.2,2025-09-17,Wednesday,13:30:00,6.24,0.1,PE,4520.0,Sell,2025-09-17,Wednesday,17:25:00,26.94,-2.0700000000000003,-331.7307692307693,2025-09-17,,,Exit Condition Met For Trade
261,2025-09-18,,13:30:00,4574.79,,,,,2025-09-18,,17:25:00,4571.25,1.8800000000000001,,,1.8840000000000001,-0.33999999999999986,Exit Condition Met For Trade
261.1,2025-09-18,Thursday,13:30:00,7.95,0.1,CE,4600.0,Sell,2025-09-18,Thursday,17:25:00,0.09,0.786,98.86792452830188,2025-09-18,,,Exit Condition Met For Trade
261.2,2025-09-18,Thursday,13:30:00,10.95,0.1,PE,4560.0,Sell,2025-09-18,Thursday,17:25:00,0.01,1.094,99.90867579908677,2025-09-18,,,Exit Condition Met For Trade
262,2025-09-19,,13:30:00,4539.03,,,,,2025-09-19,,17:25:00,4516.6,0.8999999999999999,,,1.364,-0.030999999999999917,Exit Condition Met For Trade
262.1,2025-09-19,Friday,13:30:00,9.75,0.1,CE,4550.0,Sell,2025-09-19,Friday,17:25:00,0.01,0.9740000000000001,99.8974358974359,2025-09-19,,,Exit Condition Met For Trade
262.2,2025-09-19,Friday,13:30:00,6.79,0.1,PE,4520.0,Sell,2025-09-19,Friday,17:25:00,7.48,-0.06900000000000005,-10.162002945508107,2025-09-19,,,Exit Condition Met For Trade
263,2025-09-20,,13:30:00,4483.46,,,,,2025-09-20,,17:25:00,4470.74,0.56,,,0.567,-0.27600000000000013,Exit Condition Met For Trade
263.1,2025-09-20,Saturday,13:30:00,3.45,0.1,CE,4500.0,Sell,2025-09-20,Saturday,17:25:00,0.01,0.3440000000000001,99.71014492753625,2025-09-20,,,Exit Condition Met For Trade
263.2,2025-09-20,Saturday,13:30:00,2.28,0.1,PE,4460.0,Sell,2025-09-20,Saturday,17:25:00,0.08,0.21999999999999997,96.49122807017544,2025-09-20,,,Exit Condition Met For Trade
264,2025-09-21,,13:30:00,4477.93,,,,,2025-09-21,,17:25:00,4462.45,0.51,,,0.51,-0.9930000000000001,Exit Condition Met For Trade
264.1,2025-09-21,Sunday,13:30:00,2.3,0.1,CE,4500.0,Sell,2025-09-21,Sunday,17:25:00,0.01,0.229,99.56521739130436,2025-09-21,,,Exit Condition Met For Trade
264.2,2025-09-21,Sunday,13:30:00,2.8,0.1,PE,4460.0,Sell,2025-09-21,Sunday,17:25:00,0.01,0.279,99.64285714285715,2025-09-21,,,Exit Condition Met For Trade
265,2025-09-22,,13:30:00,4193.51,,,,,2025-09-22,,17:25:00,4180.55,3.5300000000000002,,,3.5300000000000002,-0.6639999999999997,Exit Condition Met For Trade
265.1,2025-09-22,Monday,13:30:00,15.13,0.1,CE,4220.0,Sell,2025-09-22,Monday,17:25:00,0.01,1.5120000000000002,99.93390614672835,2025-09-22,,,Exit Condition Met For Trade
265.2,2025-09-22,Monday,13:30:00,20.47,0.1,PE,4180.0,Sell,2025-09-22,Monday,17:25:00,0.22,2.025,98.92525647288716,2025-09-22,,,Exit Condition Met For Trade
266,2025-09-23,,13:30:00,4205.44,,,,,2025-09-23,,17:25:00,4193.21,1.7000000000000002,,,1.708,-0.04300000000000015,Exit Condition Met For Trade
266.1,2025-09-23,Tuesday,13:30:00,10.34,0.1,CE,4220.0,Sell,2025-09-23,Tuesday,17:25:00,0.01,1.0330000000000001,99.90328820116055,2025-09-23,,,Exit Condition Met For Trade
266.2,2025-09-23,Tuesday,13:30:00,6.76,0.1,PE,4180.0,Sell,2025-09-23,Tuesday,17:25:00,0.02,0.674,99.70414201183432,2025-09-23,,,Exit Condition Met For Trade
267,2025-09-24,,13:30:00,4175.37,,,,,2025-09-24,,17:25:00,4179.22,1.52,,,1.5220000000000002,-0.014999999999999902,Exit Condition Met For Trade
267.1,2025-09-24,Wednesday,13:30:00,5.97,0.1,CE,4200.0,Sell,2025-09-24,Wednesday,17:25:00,0.1,0.5870000000000001,98.32495812395311,2025-09-24,,,Exit Condition Met For Trade
267.2,2025-09-24,Wednesday,13:30:00,9.3,0.1,PE,4160.0,Sell,2025-09-24,Wednesday,17:25:00,0.01,0.9290000000000002,99.89247311827957,2025-09-24,,,Exit Condition Met For Trade
268,2025-09-25,,13:30:00,4009.12,,,,,2025-09-25,,17:25:00,4004.44,2.35,,,2.35,-1.2850000000000001,Exit Condition Met For Trade
268.1,2025-09-25,Thursday,13:30:00,14.72,0.1,CE,4020.0,Sell,2025-09-25,Thursday,17:25:00,0.05,1.467,99.66032608695652,2025-09-25,,,Exit Condition Met For Trade
268.2,2025-09-25,Thursday,13:30:00,8.85,0.1,PE,3980.0,Sell,2025-09-25,Thursday,17:25:00,0.04,0.8810000000000001,99.54802259887006,2025-09-25,,,Exit Condition Met For Trade
269,2025-09-26,,13:30:00,3938.52,,,,,2025-09-26,,17:25:00,3910.57,0.8700000000000001,,,0.9220000000000002,-2.103,Exit Condition Met For Trade
269.1,2025-09-26,Friday,13:30:00,12.77,0.1,CE,3950.0,Sell,2025-09-26,Friday,17:25:00,0.01,1.276,99.92169146436962,2025-09-26,,,Exit Condition Met For Trade
269.2,2025-09-26,Friday,13:30:00,10.39,0.1,PE,3920.0,Sell,2025-09-26,Friday,17:25:00,14.46,-0.40700000000000003,-39.17228103946102,2025-09-26,,,Exit Condition Met For Trade
270,2025-09-27,,13:30:00,4007.92,,,,,2025-09-27,,17:25:00,4001.72,0.66,,,0.668,-0.666,Exit Condition Met For Trade
270.1,2025-09-27,Saturday,13:30:00,4.55,0.1,CE,4020.0,Sell,2025-09-27,Saturday,17:25:00,0.01,0.454,99.78021978021978,2025-09-27,,,Exit Condition Met For Trade
270.2,2025-09-27,Saturday,13:30:00,2.15,0.1,PE,3980.0,Sell,2025-09-27,Saturday,17:25:00,0.01,0.21400000000000002,99.53488372093024,2025-09-27,,,Exit Condition Met For Trade
271,2025-09-28,,13:30:00,4014.22,,,,,2025-09-28,,17:25:00,3989.62,-0.5800000000000001,,,0.08199999999999996,-0.88,Exit Condition Met For Trade
271.1,2025-09-28,Sunday,13:30:00,2.09,0.1,CE,4040.0,Sell,2025-09-28,Sunday,17:25:00,0.01,0.20800000000000002,99.52153110047847,2025-09-28,,,Exit Condition Met For Trade
271.2,2025-09-28,Sunday,13:30:00,4.09,0.1,PE,4000.0,Sell,2025-09-28,Sunday,17:25:00,11.96,-0.7870000000000001,-192.42053789731054,2025-09-28,,,Exit Condition Met For Trade
272,2025-09-29,,13:30:00,4108.25,,,,,2025-09-29,,17:25:00,4103.44,1.37,,,1.3739999999999999,-0.8069999999999999,Exit Condition Met For Trade
272.1,2025-09-29,Monday,13:30:00,8.61,0.1,CE,4120.0,Sell,2025-09-29,Monday,17:25:00,0.01,0.86,99.88385598141696,2025-09-29,,,Exit Condition Met For Trade
272.2,2025-09-29,Monday,13:30:00,5.15,0.1,PE,4080.0,Sell,2025-09-29,Monday,17:25:00,0.01,0.5140000000000001,99.80582524271844,2025-09-29,,,Exit Condition Met For Trade
273,2025-09-30,,13:30:00,4182.14,,,,,2025-09-30,,17:25:00,4165.09,1.03,,,1.0320000000000003,-1.4500000000000002,Exit Condition Met For Trade
273.1,2025-09-30,Tuesday,13:30:00,5.53,0.1,CE,4200.0,Sell,2025-09-30,Tuesday,17:25:00,0.01,0.552,99.81916817359856,2025-09-30,,,Exit Condition Met For Trade
273.2,2025-09-30,Tuesday,13:30:00,4.9,0.1,PE,4160.0,Sell,2025-09-30,Tuesday,17:25:00,0.07,0.48300000000000004,98.57142857142857,2025-09-30,,,Exit Condition Met For Trade
274,2025-10-01,,13:30:00,4145.84,,,,,2025-10-01,,17:25:00,4296.82,-12.57,,,0.09199999999999986,-14.495000000000001,Exit Condition Met For Trade
274.1,2025-10-01,Wednesday,13:30:00,7.27,0.1,CE,4160.0,Sell,2025-10-01,Wednesday,17:25:00,136.97,-12.969999999999999,-1784.0440165061896,2025-10-01,,,Exit Condition Met For Trade
274.2,2025-10-01,Wednesday,13:30:00,4.06,0.1,PE,4120.0,Sell,2025-10-01,Wednesday,17:25:00,0.01,0.405,99.7536945812808,2025-10-01,,,Exit Condition Met For Trade
275,2025-10-02,,13:30:00,4375.83,,,,,2025-10-02,,17:25:00,4387.4,1.87,,,1.87,0,Exit Condition Met For Trade
275.1,2025-10-02,Thursday,13:30:00,8.67,0.1,CE,4400.0,Sell,2025-10-02,Thursday,17:25:00,0.01,0.8660000000000001,99.88465974625144,2025-10-02,,,Exit Condition Met For Trade
275.2,2025-10-02,Thursday,13:30:00,9.96,0.1,PE,4360.0,Sell,2025-10-02,Thursday,17:25:00,0.01,0.9950000000000001,99.8995983935743,2025-10-02,,,Exit Condition Met For Trade
276,2025-10-03,,13:30:00,4462.32,,,,,2025-10-03,,17:25:00,4483.24,1.9200000000000002,,,1.993,-1.08,Exit Condition Met For Trade
276.1,2025-10-03,Friday,13:30:00,9.27,0.1,CE,4480.0,Sell,2025-10-03,Friday,17:25:00,1.24,0.8029999999999999,86.62351672060409,2025-10-03,,,Exit Condition Met For Trade
276.2,2025-10-03,Friday,13:30:00,11.21,0.1,PE,4450.0,Sell,2025-10-03,Friday,17:25:00,0.01,1.12,99.9107939339875,2025-10-03,,,Exit Condition Met For Trade
277,2025-10-04,,13:30:00,4498.43,,,,,2025-10-04,,17:25:00,4483.96,0.9099999999999999,,,0.911,-0.07499999999999996,Exit Condition Met For Trade
277.1,2025-10-04,Saturday,13:30:00,4.2,0.1,CE,4520.0,Sell,2025-10-04,Saturday,17:25:00,0.01,0.41900000000000004,99.76190476190477,2025-10-04,,,Exit Condition Met For Trade
277.2,2025-10-04,Saturday,13:30:00,4.93,0.1,PE,4480.0,Sell,2025-10-04,Saturday,17:25:00,0.01,0.492,99.79716024340772,2025-10-04,,,Exit Condition Met For Trade
278,2025-10-05,,13:30:00,4605.84,,,,,2025-10-05,,17:25:00,4551.64,-1.08,,,0.7040000000000002,-3.377,Exit Condition Met For Trade
278.1,2025-10-05,Sunday,13:30:00,11.93,0.1,CE,4620.0,Sell,2025-10-05,Sunday,17:25:00,0.01,1.192,99.91617770326907,2025-10-05,,,Exit Condition Met For Trade
278.2,2025-10-05,Sunday,13:30:00,7.25,0.1,PE,4580.0,Sell,2025-10-05,Sunday,17:25:00,29.98,-2.273,-313.51724137931035,2025-10-05,,,Exit Condition Met For Trade
279,2025-10-06,,13:30:00,4533.0,,,,,2025-10-06,,17:25:00,4570.92,0.54,,,1.275,-0.915,Exit Condition Met For Trade
279.1,2025-10-06,Monday,13:30:00,8.89,0.1,CE,4560.0,Sell,2025-10-06,Monday,17:25:00,16.71,-0.782,-87.96400449943756,2025-10-06,,,Exit Condition Met For Trade
279.2,2025-10-06,Monday,13:30:00,13.24,0.1,PE,4520.0,Sell,2025-10-06,Monday,17:25:00,0.01,1.3230000000000002,99.92447129909365,2025-10-06,,,Exit Condition Met For Trade
280,2025-10-07,,13:30:00,4678.2,,,,,2025-10-07,,17:25:00,4707.55,1.42,,,1.488,-1.292,Exit Condition Met For Trade
280.1,2025-10-07,Tuesday,13:30:00,6.71,0.1,CE,4700.0,Sell,2025-10-07,Tuesday,17:25:00,0.94,0.577,85.99105812220566,2025-10-07,,,Exit Condition Met For Trade
280.2,2025-10-07,Tuesday,13:30:00,8.43,0.1,PE,4660.0,Sell,2025-10-07,Tuesday,17:25:00,0.01,0.8420000000000001,99.88137603795967,2025-10-07,,,Exit Condition Met For Trade
281,2025-10-08,,13:30:00,4463.71,,,,,2025-10-08,,17:25:00,4488.34,1.79,,,1.823,-0.242,Exit Condition Met For Trade
281.1,2025-10-08,Wednesday,13:30:00,18.41,0.1,CE,4480.0,Sell,2025-10-08,Wednesday,17:25:00,9.0,0.9410000000000001,51.11352525801195,2025-10-08,,,Exit Condition Met For Trade
281.2,2025-10-08,Wednesday,13:30:00,8.55,0.1,PE,4440.0,Sell,2025-10-08,Wednesday,17:25:00,0.01,0.8540000000000001,99.88304093567253,2025-10-08,,,Exit Condition Met For Trade
282,2025-10-09,,13:30:00,4426.61,,,,,2025-10-09,,17:25:00,4377.58,-0.20999999999999996,,,0.09100000000000019,-5.296000000000001,Exit Condition Met For Trade
282.1,2025-10-09,Thursday,13:30:00,12.91,0.1,CE,4440.0,Sell,2025-10-09,Thursday,17:25:00,0.01,1.29,99.92254066615027,2025-10-09,,,Exit Condition Met For Trade
282.2,2025-10-09,Thursday,13:30:00,8.31,0.1,PE,4400.0,Sell,2025-10-09,Thursday,17:25:00,23.35,-1.5040000000000002,-180.9867629362214,2025-10-09,,,Exit Condition Met For Trade
283,2025-10-10,,13:30:00,4323.77,,,,,2025-10-10,,17:25:00,4344.99,2.09,,,2.1060000000000003,-0.16599999999999993,Exit Condition Met For Trade
283.1,2025-10-10,Friday,13:30:00,11.77,0.1,CE,4340.0,Sell,2025-10-10,Friday,17:25:00,0.42,1.135,96.43160577740018,2025-10-10,,,Exit Condition Met For Trade
283.2,2025-10-10,Friday,13:30:00,9.46,0.1,PE,4300.0,Sell,2025-10-10,Friday,17:25:00,0.01,0.9450000000000002,99.89429175475688,2025-10-10,,,Exit Condition Met For Trade
284,2025-10-11,,13:30:00,3759.05,,,,,2025-10-11,,17:25:00,3838.47,-1.9000000000000001,,,1.3339999999999999,-4.621,Exit Condition Met For Trade
284.1,2025-10-11,Saturday,13:30:00,14.84,0.1,CE,3780.0,Sell,2025-10-11,Saturday,17:25:00,49.31,-3.447,-232.277628032345,2025-10-11,,,Exit Condition Met For Trade
284.2,2025-10-11,Saturday,13:30:00,15.51,0.1,PE,3740.0,Sell,2025-10-11,Saturday,17:25:00,0.01,1.55,99.93552546744036,2025-10-11,,,Exit Condition Met For Trade
285,2025-10-12,,13:30:00,3827.93,,,,,2025-10-12,,17:25:00,3820.27,2.41,,,2.41,-0.133,Exit Condition Met For Trade
285.1,2025-10-12,Sunday,13:30:00,15.2,0.1,CE,3840.0,Sell,2025-10-12,Sunday,17:25:00,0.04,1.516,99.73684210526316,2025-10-12,,,Exit Condition Met For Trade
285.2,2025-10-12,Sunday,13:30:00,8.87,0.1,PE,3800.0,Sell,2025-10-12,Sunday,17:25:00,0.01,0.886,99.88726042841039,2025-10-12,,,Exit Condition Met For Trade
286,2025-10-13,,13:30:00,4178.44,,,,,2025-10-13,,17:25:00,4095.13,-4.39,,,2.229,-8.175999999999998,Exit Condition Met For Trade
286.1,2025-10-13,Monday,13:30:00,17.11,0.1,CE,4200.0,Sell,2025-10-13,Monday,17:25:00,0.01,1.71,99.9415546464056,2025-10-13,,,Exit Condition Met For Trade
286.2,2025-10-13,Monday,13:30:00,16.85,0.1,PE,4160.0,Sell,2025-10-13,Monday,17:25:00,77.89,-6.104,-362.2551928783382,2025-10-13,,,Exit Condition Met For Trade
287,2025-10-14,,13:30:00,3980.89,,,,,2025-10-14,,17:25:00,3972.01,3.84,,,3.84,-3.0400000000000005,Exit Condition Met For Trade
287.1,2025-10-14,Tuesday,13:30:00,19.47,0.1,CE,4000.0,Sell,2025-10-14,Tuesday,17:25:00,0.06,1.941,99.69183359013869,2025-10-14,,,Exit Condition Met For Trade
287.2,2025-10-14,Tuesday,13:30:00,18.98,0.1,PE,3960.0,Sell,2025-10-14,Tuesday,17:25:00,0.01,1.897,99.94731296101159,2025-10-14,,,Exit Condition Met For Trade
288,2025-10-15,,13:30:00,4121.83,,,,,2025-10-15,,17:25:00,4104.81,2.59,,,2.59,-4.063,Exit Condition Met For Trade
288.1,2025-10-15,Wednesday,13:30:00,13.6,0.1,CE,4140.0,Sell,2025-10-15,Wednesday,17:25:00,0.05,1.355,99.63235294117648,2025-10-15,,,Exit Condition Met For Trade
288.2,2025-10-15,Wednesday,13:30:00,12.31,0.1,PE,4100.0,Sell,2025-10-15,Wednesday,17:25:00,0.01,1.2300000000000002,99.91876523151909,2025-10-15,,,Exit Condition Met For Trade
289,2025-10-16,,13:30:00,4004.07,,,,,2025-10-16,,17:25:00,4055.11,-0.6099999999999999,,,0.8129999999999997,-3.0840000000000005,Exit Condition Met For Trade
289.1,2025-10-16,Thursday,13:30:00,12.63,0.1,CE,4020.0,Sell,2025-10-16,Thursday,17:25:00,28.98,-1.6350000000000002,-129.4536817102138,2025-10-16,,,Exit Condition Met For Trade
289.2,2025-10-16,Thursday,13:30:00,10.32,0.1,PE,3980.0,Sell,2025-10-16,Thursday,17:25:00,0.01,1.0310000000000001,99.90310077519379,2025-10-16,,,Exit Condition Met For Trade
290,2025-10-17,,13:30:00,3756.36,,,,,2025-10-17,,17:25:00,3778.05,3.2600000000000002,,,3.5470000000000006,-2.5889999999999986,Exit Condition Met For Trade
290.1,2025-10-17,Friday,13:30:00,17.18,0.1,CE,3780.0,Sell,2025-10-17,Friday,17:25:00,9.06,0.8119999999999999,47.26426076833527,2025-10-17,,,Exit Condition Met For Trade
290.2,2025-10-17,Friday,13:30:00,24.54,0.1,PE,3750.0,Sell,2025-10-17,Friday,17:25:00,0.01,2.453,99.95925020374897,2025-10-17,,,Exit Condition Met For Trade
291,2025-10-18,,13:30:00,3892.76,,,,,2025-10-18,,17:25:00,3875.42,1.03,,,1.0590000000000002,-0.6389999999999998,Exit Condition Met For Trade
291.1,2025-10-18,Saturday,13:30:00,5.68,0.1,CE,3920.0,Sell,2025-10-18,Saturday,17:25:00,0.01,0.5670000000000001,99.82394366197184,2025-10-18,,,Exit Condition Met For Trade
291.2,2025-10-18,Saturday,13:30:00,9.67,0.1,PE,3880.0,Sell,2025-10-18,Saturday,17:25:00,5.07,0.45999999999999996,47.56980351602895,2025-10-18,,,Exit Condition Met For Trade
292,2025-10-19,,13:30:00,3888.28,,,,,2025-10-19,,17:25:00,3919.27,-1.3599999999999999,,,0.4,-3.8630000000000004,Exit Condition Met For Trade
292.1,2025-10-19,Sunday,13:30:00,8.03,0.1,CE,3900.0,Sell,2025-10-19,Sunday,17:25:00,25.35,-1.7320000000000002,-215.6911581569116,2025-10-19,,,Exit Condition Met For Trade
292.2,2025-10-19,Sunday,13:30:00,3.7,0.1,PE,3860.0,Sell,2025-10-19,Sunday,17:25:00,0.01,0.36900000000000005,99.72972972972974,2025-10-19,,,Exit Condition Met For Trade
293,2025-10-20,,13:30:00,4054.84,,,,,2025-10-20,,17:25:00,4039.08,1.7999999999999998,,,1.7999999999999998,-0.20699999999999985,Exit Condition Met For Trade
293.1,2025-10-20,Monday,13:30:00,11.64,0.1,CE,4080.0,Sell,2025-10-20,Monday,17:25:00,0.01,1.163,99.91408934707903,2025-10-20,,,Exit Condition Met For Trade
293.2,2025-10-20,Monday,13:30:00,15.36,0.1,PE,4040.0,Sell,2025-10-20,Monday,17:25:00,8.94,0.642,41.796875,2025-10-20,,,Exit Condition Met For Trade
294,2025-10-21,,13:30:00,3892.59,,,,,2025-10-21,,17:25:00,3894.18,2.0700000000000003,,,2.0700000000000003,-1.4300000000000002,Exit Condition Met For Trade
294.1,2025-10-21,Tuesday,13:30:00,8.14,0.1,CE,3920.0,Sell,2025-10-21,Tuesday,17:25:00,0.01,0.8130000000000002,99.87714987714989,2025-10-21,,,Exit Condition Met For Trade
294.2,2025-10-21,Tuesday,13:30:00,12.74,0.1,PE,3880.0,Sell,2025-10-21,Tuesday,17:25:00,0.15,1.2590000000000001,98.82260596546311,2025-10-21,,,Exit Condition Met For Trade
295,2025-10-22,,13:30:00,3868.97,,,,,2025-10-22,,17:25:00,3827.28,1.1,,,1.481,-3.6069999999999998,Exit Condition Met For Trade
295.1,2025-10-22,Wednesday,13:30:00,14.59,0.1,CE,3880.0,Sell,2025-10-22,Wednesday,17:25:00,0.01,1.4580000000000002,99.93145990404386,2025-10-22,,,Exit Condition Met For Trade
295.2,2025-10-22,Wednesday,13:30:00,8.54,0.1,PE,3840.0,Sell,2025-10-22,Wednesday,17:25:00,12.15,-0.36100000000000015,-42.27166276346606,2025-10-22,,,Exit Condition Met For Trade
296,2025-10-23,,13:30:00,3881.19,,,,,2025-10-23,,17:25:00,3865.75,2.1799999999999997,,,2.1799999999999997,-0.09200000000000053,Exit Condition Met For Trade
296.1,2025-10-23,Thursday,13:30:00,11.3,0.1,CE,3900.0,Sell,2025-10-23,Thursday,17:25:00,0.02,1.1280000000000001,99.82300884955751,2025-10-23,,,Exit Condition Met For Trade
296.2,2025-10-23,Thursday,13:30:00,10.53,0.1,PE,3860.0,Sell,2025-10-23,Thursday,17:25:00,0.01,1.052,99.90503323836658,2025-10-23,,,Exit Condition Met For Trade
297,2025-10-24,,13:30:00,3949.31,,,,,2025-10-24,,17:25:00,3948.38,2.5,,,2.5,-0.23000000000000043,Exit Condition Met For Trade
297.1,2025-10-24,Friday,13:30:00,12.3,0.1,CE,3960.0,Sell,2025-10-24,Friday,17:25:00,0.01,1.229,99.91869918699186,2025-10-24,,,Exit Condition Met For Trade
297.2,2025-10-24,Friday,13:30:00,12.7,0.1,PE,3940.0,Sell,2025-10-24,Friday,17:25:00,0.04,1.266,99.68503937007874,2025-10-24,,,Exit Condition Met For Trade
